česky,spisovně,výslovnost,hovorové,výslovnost,slangově,výslovnost
(já) děkuji,blagodarjëm,blagodarjæm,,,,
(ti) druzí,drűdží,drɯːdʒiː,,,,
a ,dthúb,ðuːb,,,,
a navíc,thúb'b,θuːb'b,,,,
a přesto,pszestő,pʃːestəː,,,,
a vůbec,qa,qa,,,,
a,thúb,θuːb,,,,
abažúr,abażúr,abaʒːuːr,,,,
abdikace,ąbdykacja,ɑbdykacja,,,,
abdikovat,ąbdykovač,ɑbdykovatʃ,,,,
abeceda,alfabeth,alfabɛθ,,,,
abeceda,azbukva,azbukva,,,,
abeceda,búkvića,buːkvicːa,ąlfavithae,ɑlfaviθaɛ,,
abeceda,ľitërqa,ʎitærqa,,,,
abecední,alfabeticznyj,alfabetitʃːnyj,,,,
abcházie,abchazja,abxazja,adžárja,adʒaːrja,,
abolutizmus,abšułotysmús,abʃowotysmuːs,,,,
absolutně,abšułotňje,abʃowotɲjɛ,,,,
absolutno,abšułotńo,abʃowuːtno,,,,
absolvent,absolhventh,absoɬvɛnθ,,,,
absorbující,chłąßtačnyj,xwɑsːtatʃnyj,,,,
abstrakce,abstŕakcja,abstrːakcja,,,,
abstratní,abstŕakcjonyj,abstrːakcjonyj,,,,
absurd,ąbsúrd,ɑbsuːrd,,,,
absurdní,ąbsúrdynyj,ɑbsuːrynyj,,,,
aby,ÿ’ba,ʏ’ba,,,,
aby,ÿ'ba,ʏ'ba,,,,
ačkoliv,dÿ’ba,dʏ’ba,,,,
ačkoliv,dÿ'ba,dʏ'ba,,,,
adaptace,adaptacja,adaptacja,,,,
adaptovat,adaptovač,adaptovatʃ,,,,
adekvátní,adëkvatnyj,adækvatnyj,,,,
adept,adëpth,adæpθ,,,,
administrace,administracja,administracja,,,,
administrační,administracyjnyj,administracyjnyj,,,,
administrátor,administračnik,administratʃnik,,,,
adopce,adopcja,adopcja,,,,
adoptovat,adoptovač,adoptovatʃ,üsinovič,ɯsinovitʃ,,
adresa,ádres,aːdres,,,,
adresovat,adresovač,adresovatʃ,,,,
adrsát,ádresnik,aːdresnik,,,,
advokát,advokat,advokat,,,,
advokát,jürisczyk,jɯristʃːyk,,,,
aerodynamický,aërodynamycznÿj,aærodynamytʃnʏj,,,,
aerodynamika,aërodynamyqja,aærodynamyqja,,,,
aféra,afëra,afæra,,,,
afganistánec,afđánik,afdʒːaːnik,,,,
afghánistán,afđánija,afdʒːaːnija,,,,
afričan,aefrikanik,aɛfrikanik,čmúd,tʃmuːd,ńegy,ŋɛgy
afrika,aefrika,aɛfrika,,,,
agenda,agëncja,agæncja,,,,
agent,agënth,agænθ,,,,
aglomerace,aglomeracja,aglomɛracja,,,,
agnostyzmus,agńosyzmús,agŋoszmuːs,,,,
agrese,agresja,agrɛsja,,,,
agresivní,agresjivnyj,agrɛsjivnyj,,,,
agronomie,agronomja,agronomja,,,,
ahoj (pří loučení),pąqa,pɑqa,,,,
ahoj,povitaňje,povitaɲjɛ,vitaj,vitaj,,
ahoj,privjeta,privjɛta,servüs,servɯs,,
ach jo,táł,taːw,,,,
akademický,aqademyckyj,aqadɛmyckyj,,,,
akademie,aqademja,aqadɛmja,,,,
akademik,aqademik,aqadɛmik,,,,
akce,aqcja,aqcja,akcja,akcja,,
akcent,akćënth,akcːænθ,,,,
akceptovat,akceptacja,akcɛptacja,,,,
akcie,aqcjona,aqcjona,,,,
akcijní,aqcjonajnyj,aqcjonajnyj,,,,
akcionář,aqcjonarnik,aqcjonarnik,,,,
akt,akt,akt,,,,
akt,aq,aq,,,,
aktiva,aktyva,aktyva,,,,
aktivace,aktyvacja,aktyvacja,,,,
aktivista,aqtivistha,aqtivisθa,,,,
aktivita,aqtyvnošč,aqtyvnoʃtʃ,,,,
aktivní,f’nqcznyj,f’nqtʃːnyj,,,,
aktivní,f'nqcznyj,f'nqtʃːnyj,,,,
aktivovat,aqtyvovač,aqtyvovatʃ,,,,
aktualizovat,aktłalyzovač,aktwalyzovatʃ,,,,
aktualizovat,aqtłalyźovač,aqtwalizːovatʃ,,,,
aktualně,aktłalno,aktwalno,,,,
aktualní,aktłalnyj,aktwalnyj,kheálnyj,ʁɛaːlnyj,faqtyčnyj,faqtytʃnyj
aktualní,istnyj,istnyj,,,,
akumulátor,akhumulator,aʁumulator,,,,
akuzativ,bjerňik,bjɛrɲik,,,,
alarm,trëvoga,trævoga,,,,
albánec,albanczyk,albantʃːyk,,,,
albánie,albanja,albanja,,,,
albánský,albanski,albanski,,,,
ale,ali,ali,,,,
alegorie,aľgorja,aʎgorja,,,,
alergie,alergja,alɛrgja,,,,
alkohol,alqoholh,alqohoɬ,,,,
alkohol,alqoholh,alqohoɬ,khĺast,ʁlːast,,
alkoholizmus,alqoholhismus,alqohoɬismus,,,,
alpinista,alhpynyst,aɬpynyst,,,,
alpy,alhpy,aɬpy,,,,
alternativa,alhtërnatívą,aɬtærnatiːvɑ,,,,
alternativní,alhtërnatívnyj,aɬtærnatiːvnyj,,,,
altruismus,altrujizmús,altrujizmuːs,,,,
alžíran,algerczyk,algertʃːyk,,,,
alžírsko,algerja,algɛrja,,,,
amatér,lajq,lajq,ňjeprofesjonalist,ɲjɛprofɛsjonalist,ňjespecjalist,ɲjɛspecjalist
ambasáda,predstaviteljstvo,prɛdstaviteljstvo,ambasada,ambasada,posołstvo,posowstvo
ambasador,predstavjeny,prɛfstavjɛny,,,,
ambice,ambicje,ambicjɛ,,,,
ambulance,ambülancja,ambɯlancja,,,,
ambulance,ambülancja,ambɯlancja,ßanitkha,sːanytʁa,sanča,santʃa
ámen,ómën,oːmæn,,,,
americký,amërikhaňkyj,amæriʁaɲkyj,,,,
američan,amërikhaňjec,amæriʁaɲjɛc,,,,
amerika,amërykha,amæryʁa,ëmërkha,æmærʁ,,
amnestie,amnëstja,amnæstja,,,,
amortizátor,znegodnocovator,znɛgognocovator,,,,
amplituda,amłythúdth,amwyθuːð,,,,
analitický,analythycznyj,analyθytʃːnyj,,,,
analitik,analythynik,analyθynik,,,,
analizovat,analyźovač,analyzːovatʃ,,,,
analogično,analogyczňje,analogytʃːɲjɛ,,,,
analogie,analogja,analogja,,,,
analýza,analyź,analyzː,,,,
ananas,ańanaß,aŋanasː,,,,
anarchie,anakhja,anaʁja,,,,
anďel,ëngeł,ængew,,,,
androgyn,andthrogyn,anðrogyn,,,,
anekdota,anegdotha,anegdoθa,,,,
anekdota,ańëqdotha,aŋæqdoθa,vüć,vɯcː,,
anexie,ańëks,aŋæks,,,,
anexie,dodthatekh,doðateʁ,,,,
angažovat,angażovač,angaʒːovatʃ,,,,
angličan,anglyčaňyn,anglytʃaɲyn,,,,
angličtina,angjelski,angjɛlski,,,,
angrešt,agrësth,agræsθ,,,,
ani jeden,aďynyj,aɖynyj,,,,
ani,ňi,ɲi,,,,
animovaný,krjosłënyj,krjoswænyj,,,,
aniž,aźÿz,azːʏz,,,,
anketa,anqłeta,anqwɛta,,,,
ano,ták,taːk,ja,ja,jo,jo
anonimní,ňjedznamyj,ɲjɛdznamyj,,,,
antarktida,antharqtyda,anθarqtyda,,,,
anténa,ëntýna,æntyːna,,,,
antický,antycznyj,antytʃːnyj,,,,
antiobiotika,antybijoťiq,antybijoʈiq,,,,
antipatie,antypątja,antypɑtja,,,,
antismitický,antysemtyckyj,antysemtyckyj,,,,
antologie,anthologja,anθologja,,,,
antropologie,anthropologja,anθropologja,,,,
anulovat,otmeňič,otmeɲitʃ,,,,
anýz,azÿz,azʏz,,,,
aparatura,aparatúra,aparatuːra,,,,
apetit,apethÿt,apɛθʏt,,,,
aplikace,aplykacja,aplykacja,,,,
aplikovat,aplykovač,aplykovatʃ,,,,
apoštol,apostys,apostys,,,,
arab,arabÿr,arabʏr,,,,
arabský,arabÿrski,arabʏrski,,,,
arcibiskup,arćibisqúp,arcːibisquːp,,,,
argentina,argenthyna,argɛnθyna,,,,
argentinec,argenthynczyk,argɛnθnyntʃːyk,,,,
argument,dłovodth,dwovoð,,,,
argumentovat,dłovodthovač,dwovoðovatʃ,,,,
archaický,archajičnyj,arxajitʃnyj,,,,
archeolog,arhcheolog,aɾxɛolog,,,,
archeologický,arhcheologicznyj,aɾxɛologitʃːnyj,,,,
archeologie,arhcheologja,aɾxɛologja,,,,
architekt,arkhiteqt,arʁitɛqt,,,,
architektura,arkhiteqtura,arʁitɛqtura,,,,
archiv,arkhíł,arʁiːw,árkhíf,aːrʁiːf,,
archiv,arkhył,arʁyw,archíf,archiːf,,
aríjec,árja,aːrja,,,,
árijský,árjanskyj,aːrjanskyj,,,,
aristokracie,arysthokracja,arysθokracja,,,,
aristokrat,arysthokranik,arysθokranik,,,,
aristokratický,arysthokratycznyj,arysθokratytʃːnyj,,,,
arktida,arktyka,arktyka,,,,
arktidský,arktycznyj,arktytʃːnyj,,,,
armáda,armja,armja,,,,
armáda,vojsqo,vojsqo,,,,
arménie,arménja,armɛːnja,,,,
arménský,arménskyj,armɛːnskyj,,,,
arogance,arągancja,arɑgancja,chujstvo,xujstvo,,
arogance,arogancja,arogancja,,,,
arogantní,arogantnyj,arogantnyj,,,,
arsenál,arsenał,arsɛnaw,,,,
artilérie,artylërja,artylærja,,,,
asfalt,aßfalt,asːfalt,asfalth,asfalθ,,
asiat,ázjath,aːzjaθ,,,,
asie,ázja,aːzja,,,,
asie,ážja,aːʒja,,,,
asimilace,przyzłosobeňje,pɽːyzwosobɛɲjɛ,,,,
asimilovat,przyzłosobič,pɽːyzwosobitʃ,,,,
asistent,asystënth,asystænθ,,,,
asistent,pomočňik,pomotʃɲik,,,,
asistovat,pomagač,pomagatʃ,asistovač,asistovatʃ,poďerżavač,poɖetʒːavatʃ
aspekt,aßpeq’th,asːopɛq’θ,,,,
aspekt,aßpeq'th,asːopɛq'θ,,,,
asperger,aspÿ,aspʏ,,,,
aspergerův syndrom,aspÿ,aspʏ,,,,
aspirin,aspyrün,aspyrɯn,,,,
astrofyzika,astrofýzis,astrofyːzis,,,,
astrologie,astrologja,astrologja,,,,
astronaut,astronałt,astronawt,,,,
astronom,astronomňik,astronomɲik,,,,
astronomie,astronomja,astronomja,,,,
asymetrický,asymetrycznyj,asymetrytʃːnyj,,,,
asymetrie,asymetrja,asymetrja,,,,
atlantický,atlhańtycznyj,atɬaŋtytʃːnyj,,,,
atlantik,atlhańtyq,atɬaŋtyq,,,,
atlas,atlhas,atɬas,,,,
atletika,atlhetyqa,atɬɛtyqa,,,,
atmosféra,atmósférús,atmoːsfɛːruːs,,,,
atom,athöm,aθəm,,,,
atom,jadro,jadro,,,,
atom,jaďro,jaɖro,,,,
atomový,athömovyj,aθəmovyj,,,,
atomový,jaďernyj,jaɖɛrnyj,,,,
atrkativní,atrąqtyvnyj,atrɑqtyvnyj,,,,
audit,ałdyth,awdyθ,,,,
aula,sála,saːla,,,,
austrálie,ałstráľja,awstraːʎja,,,,
australský,ałstráľskyj,awstraːʎskyj,,,,
autentičný,svoeraznyj,svoɛraznyj,,,,
autista,ałtystczyk,awtysttʃːyk,,,,
Autizmus,ałtyźm,awtyzːm,,,,
auto,ałto,awto,ałtoňik,awtoɲik,,
autobus,büs,bɯs,,,,
automat,samochód,samoxoːd,,,,
automatický,samochódnyj,samoxoːdnyj,,,,
automatizace,samochódnja,samoxoːdnja,,,,
autonomie,samolandth,samolanð,,,,
autonomní,samolandthnyj,samolanðnyj,,,,
autor,ałtor,awtor,,,,
autor,płovodz’ća,pwodz’cːa,,,,
autor,płovodz'ća,pwodz'cːa,,,,
autorita,jasnošč,jasnoʃtʃ,,,,
autorizace,ałtoryzacja,awtoryzacja,,,,
autorizovat,ałtoryzovač,awtoryzvatʃ,,,,
azbest,aźbesth,azːbɛsθ,,,,
ázerbajdžán,ázerbajđáń,aːzɛrbajdʒːaːŋ,,,,
aziat,ázjaczyk,aːzjatʃːyk,,,,
azyl,übežczyšče,ɯbɛʒtʃːʃtʃɛ,,,,
až,ađ,adʒː,,,,
babička,babqa,babqa,,,,
bádání,öbßlëdovaňje,əbsːlædovaɲjɛ,,,,
bafat,dmÿkhač,dmʏʁatʃ,,,,
bagatelizovat,bagatëlizovač,bagatælizovatʃ,,,,
bahenní,bageňyj,bageɲyj,błatnyj,bwatnyj,,
bahno,bagnó,bagnoː,błoto,bwoto,,
báječný,baëcznyj,baætʃːnyj,baëjo,baæjo,,
bajka,baja,baja,,,,
bakterie,baqthërja,baqtθærja,brebëra,brɛbæra,,
balet,baľëth,baʎæθ,,,,
balkán,balhqán,baɬqaːn,,,,
balkánský,balhqánskyj,baɬqaːnskyj,,,,
balkón,balqóny,balqoːny,,,,
balónek,baľónczyk,baʎoːntʃːyk,,,,
baltický,balhtyckyj,baɬtyckyj,,,,
banán,banań,banaŋ,,,,
banda,bandza,bandza,,,,
bandita,bandytha,bandyθa,,,,
banka,bańka,baŋka,,,,
bankový,bańkovyj,baŋkovyj,,,,
bankrot,bąnkurth,bɑnkurθ,,,,
bar,bárh,baːɾ,,,,
bar,büfé,bɯfɛː,,,,
barevný,cvëthyj,cvæθyj,,,,
bariéra,ograda,ograda,,,,
barman,büfoňik,bɯfoɲik,,,,
baroko,bąroqo,bɑroqo,,,,
barva,ćvët,cːvæt,qa‘lh,qa‘ɬ,,
barva,cvëth,cvæθ,,,,
barva,farëb,faræb,barva,barva,ćvëth,cːvæθ
barva,qa’lh,qa’ɬ,,,,
barva,qa'lh,qa'ɬ,,,,
barvit,farbovač,farbovatʃ,,,,
bát se,bajač sa,bajatʃ sa,,,,
bát se,ňjepokojič sa,ɲjɛpokojitʃ sa,,,,
bát se,trevožyč sa,trevoʒytʃ sa,,,,
baterie,baterja,batɛrja,,,,
batoh,bagąż,bagɑʒː,bagąncza,bagɑntʃːa,,
bavit,igrač,igratʃ,,,,
bavlna,bavołna,bavowna,,,,
bavlněný,bavołňënyj,bavowɲænyj,,,,
bazén,nádobqa,naːdobqa,,,,
be základů ,bedzáqladoł,bedzaːqladow,,,,
bedro,bjodro,bjodro,,,,
běh,bëg,bæg,,,,
běhat,bëgač,bægatʃ,,,,
beletrie,bëletrja,bælɛtrja,,,,
belgický,belgijskyj,bɛlgijskyj,,,,
belgie,Belgja,bɛlgja,,,,
běloch,blanqokh,blanqoʁ,,,,
bělorus,bjałorús,bjaworuːs,,,,
bělorusko,bjałorosja,bjaworosja,,,,
běloruský,bjałorosjanskyj,bjaworosjankyj,,,,
benzinka,benźyna,benzːyna,,,,
beran,baran,baran,,,,
beruška,bjédronkha,bjeːdronka,,,,
beseda,banqéth,banqɛːθ,,,,
beton,bëthon,bæθon,,,,
betonový,bëthonovyj,bæθonovyj,,,,
bez (strom),bzen,bzɛn,,,,
bez jaderných,bezatomna,bɛzatomna,,,,
bez konce,bedzkoňća,bedzkoɲcːa,,,,
bez konce,koňeczno,koɲɛtʃːno,,,,
bez námahy,bedznamagy,bɛdznamagy,,,,
bez ohledu na to,bedzobżÿro,bɛdzobʒːʏro,,,,
bez posádky,bedzpošidkyj,bɛdzpoʃdikyj,,,,
bez práce,bedzrabotnyj,bɛdzrabotnyj,,,,
bez příčiny,bedzpryczyny,bedzprytʃːyny,,,,
bez přípravy,bedzpodgotofki,bɛdzpodgotofki,,,,
bez výjimky,bedzonqy,bɛdzonqy,,,,
bez,bedz,bɛdz,,,,
bezbolestný,bedzbołestnyj,bɛdzbowɛstnyj,,,,
bezbravý,bedzcvëthyj,bɛdzcvæθnyj,,,,
bezcennost,ćethqa,cːɛθqa,,,,
bezdětný,bedzđjetny,bɛdzdʒːjɛtny,,,,
bezdomovec,bedzmovec,bɛdzmovɛc,,,,
bezdomovectví,bedzdomovectvo,bɛdzdomovɛctvo,,,,
bezmocný,bedzmocnyj,bɛdzmocnyj,,,,
bezmocný,bedzšiłnyj,bɛdzʃiwnyj,,,,
beznaděj,oczar,otʃːar,,,,
beznadějno,bedzmocznyj,bɛdzotʃːnyj,,,,
beznadějný,bedznadžejnyj,bɛdzwnadʒɛjnyj,,,,
bezoečný,sequrityj,sɛqurityj,bedzpjecznoščnyj,bɛdzpjɛtʃːnoʃtʃnyj,,
bezpečnost,sequritae,sɛquritaɛ,bedzpjecznošč,bɛdzpjɛtʃːnoʃtʃ,,
bezpečný,seqúritnyj,sɛquːritnyj,,,,
bezpráví,bezliberitasyj,bɛzlibɛritasyj,,,,
bezprecedentní,bedzprëcedntnyj,bɛdzpræcedntnyj,,,,
bezprostředně,bedzpŕostrzedňje,bedzprːostɽɛdɲjɛ,,,,
bezradnost,bedzoczenošč,bɛdzbotʃːɛnoʃtʃ,,,,
bezradný,bedznadžejnyj,bɛdznadʒɛjnyj,,,,
beztrestnost,bedztrëščnošč,bedztræʃtʃnoʃtʃ,,,,
bezvadný,bedzbłëdnyj,bɛdzbwædnyj,,,,
běžec,bëgyczyk,bægytʃːyk,,,,
bič,bÿcz,bʏtʃː,,,,
bída,bjedza,bjɛdza,ßvrúb,sːvrːb,,
bídník,bjedzczyk,bjɛdztʃːyk,,,,
bídný,bjedznyj,bjɛdznyj,,,,
bílá,blanq,blanq,,,,
biolog,bjolog,bjolog,,,,
biologický,bjologickyj,bjologickyj,,,,
biologie,bjologja,bjologja,,,,
biosféra,bjosfera,bjosfɛra,,,,
biskup,episkóp,ɛpiskoːp,,,,
bistro,bÿstró,bʏstroː,,,,
bitka,bitkha,bitʁa,,,,
bitva,borba,borba,,,,
bitva,łajná,wajná,,,,
bižuterie,bidžutherja,bidʒuθɛrja,,,,
blahoslavit,błogoslhavič,bwogosɬavitʃ,,,,
bláto,błotho,bwoto,,,,
blázen,šuth,ʃuθ,qlałn,qlawn,błaźjeň,bwazːjɛɲ
blažený,błogyj,bwogyj,,,,
bledý,bładyj,bwadyj,,,,
blesk,blhasq,bɬasq,blesq,blɛsq,,
blesk,blhasqavića,bɬasqavicːa,,,,
blikat,blhykač,bɬykatʃ,,,,
blízko,b’dzqo,b’dzqo,,,,
blízko,b'dzqo,b'dzqo,,,,
blízkost,b’dzkošč,b’dzqoʃtʃ,,,,
blízkost,b'dzkošč,b'dzqoʃtʃ,,,,
blízký východ,vdzchód,vdzxoːd,,,,
blízký,bładzkyj,bwadzkyj,,,,
blízký,błyźnyj,bwyzːnyj,,,,
blíž,bliż,bliʒː,,,,
blíže,bliżëj,bliʒæj,,,,
blok,bloq,bloq,,,,
blokáda,bloqadza,bloqadza,,,,
blokovat,bloqołač,boqawatʃ,,,,
blond,żłúto,ʒːwuːto,,,,
blondýna,żłútka,ʒːwuːtka,,,,
blýskat se,blhaskač sa,bɬaskatʃ sa,,,,
blýskat se,błyškač sa,bwyʃkatʃ sa,,,,
blýskavý,błyškavyj,bwyʃkavyj,,,,
bobr,boborh,boboɾ,,,,
bobr,dthabar,ðabar,,,,
boční,boczńyj,botʃːŋyj,,,,
bohatý,bogathyj,bogaθyj,,,,
bohém,boëm,boæm,,,,
bohémství,boëmstvo,boæmstvo,,,,
bohyně,bogića,bogicːa,,,,
boj,búj,buːj,,,,
boj,búj,buːj,faj,faj,,
bojkot,bojqoth,bojqoθ,,,,
bojovník,bojovjeć,bojovjɛcː,,,,
bojtkotovat,bojqothovač,bojwoθovatʃ,,,,
bok,boq,boq,büq,bɯq,,
bolest,boľ,boʎ,,,,
bolestivý,boľnyj,boʎnyj,,,,
bolet,boľeč,boʎɛc,,,,
bomba,bomba,bombardovɑtʃ,,,,
bombardovat,bombardovąč,bombardovɑtʃ,,,,
bonbon,bońbon,boŋbon,,,,
bondage,bondáż,bondaʒː,,,,
boršč,borszcz,borʃːtʃː,,,,
bosenský,boß’ňskyj,bosː’ɲskyj,,,,
bosenský,boß'ňskyj,bosː'ɲskyj,,,,
Bosna a Hercegovina,boßňja,bosːɲja,,,,
bosňák,boß’ňczyk,bosː’ɲtʃːyk,,,,
bosňák,boß'ňczyk,bosː'ɲtʃːyk,,,,
bosý,boßyj,bosːyj,,,,
bota,qartajka,qartajka,,,,
bouda,b’da,b’da,,,,
bouda,b'da,b'da,,,,
boxer (člověk),boksąrczyk,boksɑrtʃːyk,khüjczyk,ʁɯjtʃːyk,,
boxer (zbraň),boksër,boksær,,,,
boží,bogovske,bogovksɛ,bosko,bosko,,
božstvo,bożstvo,boʒːstvo,,,,
brada,bradtha,braða,,,,
bradavka,bradthavića,braðavicːa,,,,
brána,brąma,brɑma,,,,
brána,brańa,braŋa,,,,
brána,szaqa,ʃːaqa,,,,
bránit se,broňič sa,broɲitʃ sa,,,,
brát,bráč,braːtʃ,krač,kratʃ,,
bratr,bracz,bratʃː,brąkh,brɑʁ,,
bratrovrah,braczvrúg,bratʃːvruːg,,,,
bratrský,braczskyj,bratʃːskyj,,,,
bratrstvo,braczsqo,bratʃːsqo,,,,
Brazílie,Braźylja,brazːylja,,,,
brazilijský,braźylskyj,brazːylskyj,,,,
britský,ëngjelski,ængjɛlski,,,,
bronz,brąz,brɑz,,,,
bronzový,brązovyj,brɑzovyj,,,,
broskev,broskła,broskwa,,,,
brožura,brożurą,broʒːurɑ,,,,
brutální,brutáłnyj,brutaːwnyj,ßürovyj,sːɯrovyj,,
brutálnost,brutáłnošč,brutaːwnoʃtʃ,,,,
brýle,okhulus,oʁulus,,,,
brzda,brúdz’da,bruːdz’da,,,,
brzda,brúdz'da,bruːdz'da,,,,
brzo,bardzo,bardzo,,,,
břečťan,blëszcz,blæʃːtʃː,blëszlań,blæʃːlaŋ,,
břeh,brzëg,bɽːæg,,,,
břémě,brżemje,brʒːɛmjɛ,,,,
břevno,bżjełno,bʒːjɛwno,,,,
březen,mörcz,mərtʃː,,,,
břitký,brytqyj,brytqyj,,,,
břitva,brÿtva,brʏtva,,,,
bříza,brzúdza,brːuːdza,,,,
buben,bëbąn,bæbɑn,,,,
bublina,bab’lh,bab’ɬ,,,,
bublina,bab'lh,bab'ɬ,,,,
bučet,büczač,bɯtʃːatʃ,,,,
budhismus,budhyźmús,budhyzːmuːs,,,,
budit,bëđječ,bædʒːjɛtʃ,,,,
budka,búda,buːda,budünqa,budɯnqa,,
budova,dom,dom,qonßtrűqcja,qonsːtrɯːqcja,,
bufet,büfeth,bɯfɛθ,,,,
bůh,bog,bog,,,,
buk,büq,bɯq,,,,
Bulhar,b’lhgar,b’ɬgar,,,,
Bulhar,b'lhgar,b'ɬgar,,,,
bulharský,b’lhgarskyj,b’ɬgarskyj,,,,
bulharský,b'lhgarskyj,b'ɬgarskyj,,,,
Bulhrasko,b’lhgárja,b’ɬgaːrja,,,,
Bulhrasko,b'lhgárja,b'ɬgaːrja,,,,
bulka,bűlqa,bɯːlqa,,,,
bullshit,sviństvo,sviŋstvo,,,,
bulvár (noviny),črhësz,tʃɾæʃː,szviňstvo,ʃːviɲstvo,,
bulvár,büłárh,bɯwaːɾ,,,,
burza,búřa,buːɽa,,,,
buřič,b’rzycz,b’ɽːytʃː,,,,
buřič,b'rzycz,b'ɽːytʃː,,,,
by,báj,baːj,,,,
býk,tał’r,taw’r,bÿq,bʏq,,
býk,tał'r,taw'r,bÿq,bʏq,,
bylina,gorczyńa,gortʃːyŋa,,,,
bylina,herb,hɛrb,,,,
bylinný čaj,herbatha,hɛrbaθa,,,,
bylinný lék,gorczyńa,gortʃːyŋa,,,,
byrokatrický,bjúrokratickyj,bjuːrokratickyj,,,,
byrokracie,bjúrokracja,bjuːrokracja,,,,
být nemocný,choryč,xorytʃ,,,,
být,byč,bytʃ,,,,
byt,byth,byθ,,,,
bytí,byčje,bytʃjɛ,,,,
bytí,jesteszje,jɛsteʃːjɛ,,,,
bývalý,đáłnyj,dʒːaːwnyj,,,,
byznys,bidznës,bidznæs,,,,
byznysman,bidznësczyk,bidznæstʃːyk,,,,
car,ćárh,cːaːɾ,,,,
cedit,dzeđyč,dzɛdʒːytʃ,,,,
celkem,cëłqje’m,cæwqjɛm,,,,
celkem,cëłqje'm,cæwqjɛm,,,,
celkem,cjołqom,cjowom,,,,
celý,cjołyj,cjowyj,,,,
celým,cjołym,cjowym,,,,
cement,ćëmenth,cːɛmenθ,,,,
cementový,ćëmonthovyj,cːæmonθvyj,,,,
cena,qat‘kh,qat‘ʁ,,,,
cena,ßýna,sːyːna,praj’z,praj’z,,
cena,ßýna,sːyːna,praj'z,praj'z,,
cenit,ćeňyč,cːɛɲytʃ,,,,
cenit,ßýňyč,sːyːɲytʃ,praj’zč,praj’ztʃ,,
cenit,ßýňyč,sːyːɲytʃ,praj'zč,praj'ztʃ,,
cenný,dzrogyj,dzrogyj,,,,
centimetr,centhymet’r,cɛnθymet’r,,,,
centimetr,centhymet'r,cɛnθymet'r,,,,
centrála,stredznik,strɛdznik,,,,
centrální,cëntrałnyj,cæntrawnyj,,,,
centrizmus,cëntrysmús,cæntrysmuːs,,,,
centrum,cëntŕ,cæntrː,,,,
cenzura,cënzúr,cænzuːr,,,,
cenzurovat,cënzúrovač,cænzuːrovatʃ,,,,
cep,młot,mwot,,,,
ceremenie,obřëd,obɽæd,,,,
ceremonialní,obřëdnyj,obɽædnyj,,,,
certifikát,źertyfiqath,zːertyfiqaθ,,,,
cesta,ćesta,cːɛsta,,,,
cesta,droga,droga,,,,
cesta,drogą,drogɑ,,,,
cesta,droga,droga,drog,drog,dró,droː
cibule,cebuľa,cɛbuʎa,,,,
cifra,ćyfkha,cːyfʁa,,,,
cifra,nómër,noːmær,cifra,cifra,,
cigareta,cygarethe,cygarɛθɛ,cygárko,cygaːrko,,
cihelný,cygłejnyj,cygwɛjnyj,,,,
cihla,cygła,cygwa,,,,
cílevědomý,cjeľovjedomy,cjɛʎovjɛdomy,,,,
cín,kor’ca,kor’ca,,,,
cín,kor'ca,kor'ca,,,,
cirkus,cyrq,cyrq,,,,
císař,ćësár,cːæsaːr,,,,
císař,ćësárh,cːæsaːɾ,,,,
císařovna,ćësarica,cːæsarica,,,,
císařský,ćësárskyj,cːæsaːrskyj,,,,
cit,źyth,zːyθ,,,,
citát,c’thát,c’θaːt,,,,
citát,c'thát,c'θaːt,,,,
cítit,c’ťič,c’ƭitʃ,,,,
cítit,c'ťič,c'ƭitʃ,,,,
citovat,c’thovač,c’θovatʃ,,,,
citovat,c'thovač,c'θovatʃ,,,,
citrón,ľymon,ʎymon,,,,
civil,c’vył,c’vyw,,,,
civil,c'vył,c'vyw,,,,
civilizace,c’vyłyzácja,c’vywyzaːcja,,,,
civilizace,c'vyłyzácja,c'vywyzaːcja,,,,
civilizační,c’vyłyzáčnyj,c’vywyzaːtʃnyj,,,,
civilizační,c'vyłyzáčnyj,c'vywyzaːtʃnyj,,,,
civilní,c’vyłnyj,c’vywnyj,ekstërnyj,ekstærnyj,,
civilní,c'vyłnyj,c'vywnyj,ekstërnyj,ekstærnyj,,
cizí planeta,Khagnakhúsz,ʁagnaʁuːʃː,,,,
cizinec,cüdzozëmjec,cɯdzozæmjɛc,,,,
cizinecký,cüdzozëmskyj,cɯdzozæmskyj,,,,
clo,cło,cwo,,,,
co,szto,ʃːto,,,,
conlag,qonlhag,qonɬag,,,,
ctižádostivý,ambicjoźnyj,ambicjozːnyj,,,,
cuker,szúq’rh,ʃːuːq’ɾ,ßakhar,sːaʁar,,
cuker,szúq'rh,ʃːuːq'ɾ,ßakhar,sːaʁar,,
cukrovar,szúq’rhanka,ʃːuːq’ɾanka,ßakharqa,sːaʁarqa,,
cukrovar,szúq'rhanka,ʃːuːq'ɾanka,ßakharqa,sːaʁarqa,,
cukrovka,djabéthes,djabɛːθɛs,,,,
curkovinky,szúq’rovňictka,ʃːuːq’rovɲictka,,,,
curkovinky,szúq'rovňictka,ʃːuːq'rovɲictka,,,,
cvičení,podgotovaňje,podgotovaɲjɛ,thrënovaňje,θrænovaɲjɛ,,
cvičit,podgotovač,podgotovatʃ,thrënovač,θrænovatʃ,,
cyklický,łóczolnyj,woːtʃːolnyj,,,,
cyklus,łóczolom,wotʃːolom,,,,
cynický,źyniczkyj,zːynitʃːkyj,,,,
cynizmus,źynizmús,zːynizmuːs,,,,
cyrilice,kiriľića,kiriʎicːa,,,,
cyrilice,kyriľića,kyriʎicːa,,,,
čáp,boćjën,bocːjɛn,,,,
čaroděj,vjeđmin,vjɛdʒːmin,,,,
čaroděj,vjedžmin,vjedʒmin,vič‘rh,vitʃ‘ɾ,,
čarodějka,vjeđmiňica,vjɛdʒːmiɲica,,,,
čarodějka,vjedžimića,vjedʒimicːa,vič,vitʃ,,
čas,czas,tʃːas,vrëmja,vræmja,,
čas,vremeno,vrɛmɛno,,,,
časopis,vremjonpys,vrɛmjonpys,izvestňyq,izvɛstɲyq,,
časopis,vremopismo,vrɛmopiso,gazetha,gazɛθa,magazÿn,magazʏn
časově náročné,vremë’absorhbújczy,vrɛmæ’absoɾbuːjtʃːy,,,,
časově náročné,vremë'absorhbújczy,vrɛmæ'absoɾbuːjtʃːy,,,,
část,czašč,tʃːaʃtʃ,,,,
částečně,t’kovo,t’kovo,,,,
částečně,t'kovo,t'kovo,,,,
částice,cząstké,tʃːɑstkɛː,,,,
často,čëstő,tʃæstəː,,,,
čečensko,czëč’nja,tʃːætʃ’nja,,,,
čečensko,czëč'nja,tʃːætʃ'nja,,,,
čečenský,czëč’nskyj,tʃːætʃ’nskyj,,,,
čečenský,czëč'nskyj,tʃːætʃ'nskyj,,,,
čech,czekh,tʃːɛʁ,,,,
čekat,vyďeržáč,vyɖɛrʒaːtʃ,,,,
čelo,szło,ʃːwo,,,,
čemu,czego,tʃːɛgo,,,,
čepice,čepyšča,tʃɛpyʃtʃa,,,,
čepice,szapkha,ʃːapʁa,,,,
černá hora,c’rnađabał,c’rnadʒːabaw,,,,
černá hora,c'rnađabał,c'rnadʒːabaw,,,,
černá,c’rna,c’rna,,,,
černá,c'rna,c'rna,,,,
černá,czjornaja,tʃːjornaja,nygra,ŋygra,,
černohorský,c’rnođabałskyj,c’rnodʒːabawskyj,,,,
černohorský,c'rnođabałskyj,c'rnodʒːabawskyj,,,,
černohořan,c’rnođabałan,c’rnodʒːabawan,,,,
černohořan,c'rnođabałan,c'rnodʒːabawan,,,,
černoch,czjornokh,tʃːjornoʁ,ńyga,ŋyga,,
černý trh,iltŕ’g,iltrː’g,,,,
černý trh,iltŕ'g,iltrː'g,,,,
černý,c’rnyj,c’rnyj,,,,
černý,c'rnyj,c'rnyj,,,,
čerpat,čŕpač,tʃrːpaːtʃ,,,,
čert,czort,tʃːort,,,,
červen,jűł,jɯːw,,,,
červen,júł,juːw,,,,
červená řepa,řjopa,ɽjopa,,,,
červenec,jún,juːn,,,,
červený,krásnyj,kraːsnyj,,,,
česat (ovoce),czesztač,tʃːɛʃːtatʃ,,,,
česat (vlasy),czošač,tʃːoʃatʃ,,,,
česko,czekhy,tʃːɛʁy,,,,
český,czekhyj,tʃːɛʁyj,,,,
česnek,ćesnág,cːɛsnaːg,,,,
čest (pozdrav),czešč,tʃːɛʃtʃ,,,,
čest,češč,tʃɛʃtʃ,,,,
čest,honór,honoːr,,,,
čest,hońor,hoŋor,,,,
četba,čëtba,tʃætba,,,,
čí být,cz’jest,tʃː’jest,,,,
čí být,cz'jest,tʃː'jest,,,,
čí,cz’j,tʃː’j,,,,
čí,cz'j,tʃː'j,,,,
čí,czją,tʃːjɑ,,,,
či,czy,tʃːy,,,,
či,či,tʃi,,,,
čili,znaczto,znatʃːto,,,,
čilský,cz’lskyj,tʃː’lskyj,,,,
čilský,cz'lskyj,tʃː'lskyj,,,,
čin,cz’ń,tʃː’ŋ,,,,
čin,cz'ń,tʃː'ŋ,,,,
čin,czÿn,tʃːʏn,,,,
čin,poßtüpokh,posːtɯpoʁ,čyn,tʃyn,,
čína,kitaj,kitaj,,,,
činit,poßtüpovač,posːtɯpovatʃ,,,,
čínský,kitajskyj,kitajskyj,,,,
činže,najëmne,najæmnɛ,byth’ne,byθ’nɛ,,
činže,najëmne,najæmnɛ,byth'ne,byθ'nɛ,,
číslo,nomjer,nomjɛr,,,,
číslo,nomjer,nomjɛr,čisló,tʃisloː,,
číslovka,ńomjerqa,ŋomjɛrqa,,,,
číst,czitač,tʃːitatʃ,,,,
čistě,czysdtho,tʃːysðo,,,,
čistit,czysdthyč,tʃːysðθytʃ,,,,
čistý,czysdthyj,tʃːysðyj,,,,
čistý,igjenyckyj,iigjɛnyckyj,,,,
článek,czlënokh,tʃːlænoʁ,,,,
článek,sthatja,sθatja,,,,
člen,człón,tʃːwoːn,,,,
členství,człónstvo,tʃːwoːnstvo,,,,
člověk,člhévjekh,tʃɬɛːvjɛʁ,,,,
člověk,čovek,tʃovɛk,,,,
člověk,human,human,,,,
čokoláda,czokëládth,tʃːokælaːð,,,,
čtenář,czitełnczyk,tʃːitewntʃːyk,,,,
čtení,czitaňje,tʃːitaɲjɛ,,,,
čtvrtek,sztvŕ’tokh,ʃːtvrː’toʁ,,,,
čtvrtek,sztvŕ'tokh,ʃːtvrː'toʁ,,,,
čtvrtka,četvjerg,tʃɛtvjɛrg,,,,
čtyři,četyřy,tʃɛtyɽy,,,,
čtyřicet,s‘roq,s‘roq,,,,
čubka,qlhypakh,qɬypaʁ,,,,
čubka,suka,suka,,,,
ďábel,đavo,dʒːavo,,,,
dagestán,dagëstań,dagæstaŋ,,,,
dál,đałëj,dʒːawæj,,,,
daleko,vzdžjalëno,vzdʒjalæno,,,,
daleký,vzdžjalënyj,vzdʒjalænyj,,,,
dálnice,rykhloćesta,ryʁlocːɛsta,,,,
dálný východ,vzdžjalvskhód,vzdʒjalvsʁoːd,,,,
další,dąlszyj,dɑlʃːyj,,,,
dáma,dthama,ðama,,,,
dámský,dthamskyj,ðamskyj,,,,
dánsko,denlandth,dɛnlanð,,,,
Dánsko,dënmácja,dænmaːcja,,,,
dánský,denladthskyj,dɛnlaðskyj,,,,
daný,dányj,daːnyj,,,,
dar,podárokh,podaːroʁ,,,,
dárce krve,krvczyk,krvtʃːyk,,,,
dárce,dávczączyk,daːvtʃːɑtʃːyk,,,,
dát,dač,datʃ,,,,
dát,davač,davatʃ,,,,
dát,dzač,dzatʃ,,,,
data,dat,dat,,,,
datel,džëčjól,dʒætʃjoːl,,,,
dávat,dávač,daːvatʃ,,,,
dávnější,đávńëjszyj,dʒːaːvŋæjʃːyj,,,,
dávno,đávńo,dʒːaːvŋo,,,,
dávný,đávnyj,dʒːaːvnyj,prődzedszyj,prəːdzɛdʃːyj,,
dbát,dzbáč,dzbaːtʃ,ßtrigač,sːtrigatʃ,,
dcera,cúrka,cuːrka,,,,
dcera,docz,dotʃː,,,,
dcerský,dočerskyj,dotʃɛrskyj,,,,
debata,diskusja,diskusja,debath,dɛbaːθ,,
debata,razgovor,razgovor,,,,
debatovat,diskusovač,diskusovatʃ,,,,
debatovat,govorič,govoritʃ,,,,
decetralizce,dećetralyzácja,dɛcːɛtralyzaːcja,,,,
děda,djeduszqa,djɛduʃːqa,,,,
dědeček,đjadtheq,dʒːjaθɛq,dzedo,dzɛdo,,
dědek,đjadtheq,dʒːjaθɛq,dzedo,dzɛdo,,
dědic,džeđyc,dʒɛdʒːyc,,,,
dědictví,džeđyctvo,dʒɛdʒːyctvo,,,,
dedikovat,đedžikovač,dʒɛdʒikovatʃ,,,,
dědit,džeđyč,dʒɛdʒːytʃ,,,,
defenstrace,defënestracja,dɛfænɛstracja,,,,
definice,definícja,dɛfiniːcja,,,,
definovat,definícjovač,dɛdiniːcja,,,,
deformovat,defőrmovač,dɛfəːrmovatʃ,,,,
degenerovat,dëgenërovač,dægɛnærovatʃ,,,,
dekáda,dzesathgod,dzɛsaθgod,,,,
dekadence,dekadeńcja,dɛkadeŋcja,,,,
děkan,džjekań,dʒjɛkaŋ,,,,
děkanát,džjekańath,dʒjɛkaŋaθ,,,,
deklarace,deqlarácja,dɛqlaraːcja,,,,
deklarovat,deqlarovač,dɛqlarovatʃ,,,,
dekorace,deqo,dɛqo,,,,
děkovat,blagodarjač,blagodarjatʃ,spas’boč,spas’botʃ,,
děkovat,blagodarjač,blagodarjatʃ,spas'boč,spas'botʃ,,
děkovat,đenkovač,dʒːɛnkovatʃ,,,,
dekret,deqreth,dɛqrɛθ,,,,
dekret,pismó,pismoː,,,,
děkuji,blagodárju,blagodaːrju,spas’bo,spas’bo,,
děkuji,blagodárju,blagodaːrju,spas'bo,spas'bo,,
děkuji,đenguji,dʒːɛnguji,,,,
děkuji,đenkujë,dʒːɛnkujæ,,,,
dělání,džjelanošč,dʒjɛlanoʃtʃ,,,,
dělat hluk,szümovač,ʃːɯmovatʃ,,,,
dělat,džjelač,dʒjɛlatʃ,,,,
delegace,dželëgácja,dʒɛlægaːcja,,,,
delegát,dželëgátczyk,dʒɛlægaːtʃːyk,,,,
delfín,dthelfÿn,ðɛlfʏn,,,,
delikátní,załjmavyj,zawjmavyj,,,,
dělit,đëlyč,dʒːælytʃ,,,,
délka,đołka,dʒːowka,dolhżyna,doɬʒyna,,
demagogie,dzemągogja,dzɛmɑgogja,,,,
demise,dëmisja,dæmisja,debilsja,debilsja,,
demise,dząmisja,dzɑmisja,,,,
demogracký,dzemągrafycznyj,dzɛmɑgrafytʃːnyj,,,,
demografie,dzemągráfja,dzɛmɑgraːfja,,,,
demokracie,demokracja,dɛmokracja,,,,
demokracie,dthemokracja,ðɛmokracja,dthemokradcja,ðɛmokradcja,dthemokraszją,ðɛmokraʃːjɑ
demokrat,demokratczyk,dɛmokrattʃːyk,,,,
demonstrace,demonstrácja,dɛmonstraːcja,,,,
demonstrace,prothest,proθɛst,,,,
demonstrovat,demonstrovač,dɛmonstrovatʃ,,,,
demonstrovat,prothestovač,proθɛstovatʃ,,,,
den po dni,đeń’á,dʒːɛŋ’aː,,,,
den po dni,đeń'á,dʒːɛŋ'aː,,,,
den,deň,dɛɲ,,,,
den,đeń,dʒːɛŋ,,,,
denně,đeńo,dʒːɛŋo,,,,
denní,deňje,dɛɲjɛ,,,,
denní,deňyj,dɛɲyj,,,,
denník,gaźeta,gazːɛta,,,,
denník,žurnal,ʒurnal,,,,
deportace,vygnáňje,vygnaːɲjɛ,,,,
deportovat,vygnač,vygnatʃ,,,,
deprese,dëpresja,dæprɛsja,,,,
deprese,đepresja,dʒːɛprɛsja,,,,
deset,dzesath,dzɛsaθ,,,,
deska,dosqa,dosqa,,,,
despota,dëspóthyczyk,dæspoːθytʃːyk,,,,
despotycký,dëspóthyckyj,dæspoːθyckyj,,,,
destrukce,dëstrukcja,dæstrukcja,,,,
déšť,dášcz,daːʃtʃː,,,,
deštný,dášczovyj,daːʃtʃːovyj,,,,
detail,dthetajľ,ðɛtajʎ,,,,
detail,podthrobnošč,poðrobnoʃtʃ,,,,
detailní,dthetajľňje,ðɛtajʎɲjɛ,,,,
děti,ďëťureňće,ɖæʈureɲcːɛ,,,,
dětinský,đëczyňskyj,dʒːætʃːyɲskyj,,,,
dětský,đëczskyj,dʒːætʃːskyj,,,,
dětský,ďëťureňskyj,ɖæʈureɲskyj,,,,
devastovat,likvidovač,likvidovatʃ,,,,
devět,dzevedz,dzɛvɛdz,,,,
dezorientace,dëzorijentácja,dæzorijɛntaːcja,,,,
diagnóza,djagnödza,djagnədza,,,,
diákon,dijáqo’ń,dijaːqo’ɲ,,,,
diákon,dijáqo’ń,dijaːqo’ŋ,,,,
diákon,dijáqo'ń,dijaːqo'ɲ,,,,
diákon,djákhoń,djaːʁoŋ,,,,
dialog,razgovorczúß,razgovortʃːuːsː,,,,
diamant,démanth,dɛːmanθ,,,,
diecéze,dijecézja,dijɛceːzja,,,,
dieta,djóta,djoːta,,,,
digitální signál,bińarka,biŋarka,,,,
digitální,bińarnyj,biŋarnyj,,,,
diktát,dyqtáth,dyqtaːθ,,,,
diktátor,tyranúß,tyranuːsː,,,,
díky,džiki,dʒiki,,,,
dílo,džëło,dʒæwo,,,,
diplom,dyplhöm,dypɬəm,,,,
diplomacie,dyplhömacja,dypɬəmacja,,,,
diplomatický,dyplhömathycznyj,dyɬəmaθytʃːnyj,,,,
disciplína,dthysczypłyńa,ðystʃːypwyŋa,,,,
diskriminace,dyßkryminácja,dysːkryminaːcja,,,,
diskutovat,dyskutovač,dyskutovatʃ,,,,
diskuze,dyskusja,dyskusja,,,,
display,dthysplëj,ðysplæj,,,,
distribuce,dystribúcja,dystribuːcja,,,,
dítě,ďëťureňjeć,ɖæʈurɛɲjɛcː,,,,
dítě,đjeczko,dʒːjɛtʃːko,,,,
dítě,dzecko,dzɛcko,kido,kido,,
Dítě,rëbjonok,ræbjonok,,,,
Dítě,rëbjonok,ræbjonok,đečko,dʒætʃko,rëbqa,ræbqa
dividenda,divydendtha,divydenða,,,,
divit se,czudovač sa,tʃːudovatʃ sa,,,,
divit se,dživič sa,dʒivitʃ sa,,,,
dívka,đefczyna,dʒːɛftʃːyna,,,,
divný,czudnyj,tʃːudnyj,,,,
divočák,đyvják,dʒːyvjaːk,,,,
divoký,đ’vokyj,dʒː’vokyj,,,,
divoký,đ'vokyj,dʒː'vokyj,,,,
DJ,dysđoqëj,dysdʒːoqæj,dý’đëj,dyː’dʒːæj,đëj,dʒːæj
DJ,dysđoqëj,dysdʒːoqæj,dý'đëj,dyː'dʒːæj,đëj,dʒːæj
dlaň,d’lhaň,d’ɬaɲ,,,,
dlaň,d'lhaň,d'ɬaɲ,,,,
dle,dľa,dʎa,,,,
dlouho,dłúgo,dwuːgo,,,,
dlouholetý,dłúgogodyj,dwuːgogodyj,,,,
dlouhý,dłúgyj,dwuːgyj,,,,
dlug,dłeg,dwɛg,,,,
dlugopis,dłegopismó,dwɛdopismoː,,,,
dlužník,dłeżňyczyk,dwɛʒɲytʃːyk,,,,
dnes,đňja,dʒːɲja,,,,
dnes,segođ’a,segodʒː’a,,,,
dnes,segođ'a,segodʒː'a,,,,
dnes,teradz,tɛradz,,,,
dnešní,segođeńyj,segodʒːɛŋyj,,,,
dno,dńu,dŋu,,,,
dno,dzńo,dzŋo,,,,
do hor,dzođabał,dzodʒːabaw,,,,
do nedávna,dzoňjëdávnja,dzoɲjædaːvnja,,,,
do rána,dzojuthra,dzojuθra,,,,
do toho,dotego,dotɛgo,,,,
do,dzo,dzo,,,,
doba,vremjańka,vrɛmjaŋka,,,,
dobrák,dobar,dobar,,,,
dobro,dobaro,dobaro,,,,
dobrota,dobaroč,dobarotʃ,,,,
dobrovolně,dobarovołňje,dobarovownɲjɛ,,,,
dobrovolný,dobarovołnyj,dobarovownyj,,,,
dobrý den,dz'ŕastvüj,dz'rːastvɯj,,,,
dobrý,dobaryj,dobaryj,,,,
dobře,dobro,dobro,vyglądąjacij,vyglɑdɑjacij,,
dobytek,dobythokh,dobyθoʁ,,,,
dobytek,dobÿthoq,dobʏθoq,,,,
docenit,dećeňyč,dɛcːɛɲytʃ,,,,
dočasně,vremënło,vrɛmænwo,,,,
dodat,dődač,dəːdatʃ,,,,
dodat,prinosz’č,prinoʃː’tʃ,,,,
dodat,prinosz'č,prinoʃː'tʃ,,,,
dodat,trąsč,trɑstʃ,,,,
dodatek,dődatoq,dəːdatoq,,,,
dodatkový,dődatqovyj,dəːdatqovyj,,,,
dodávat,dődavač,dəːdavatʃ,,,,
dodávka,trąst,trɑst,,,,
dohnat,dzognač,dzognatʃ,,,,
dojet,dzojechač,dzojexatʃ,,,,
dojít,dojč,dojtʃ,,,,
dojít,dojšč,dojʃtʃ,,,,
dojit,dojyč,dojytʃ,,,,
dojíždět,dzojeżđaczač,dzojeʒːdʒːatʃːatʃ,,,,
dok,doq,doq,,,,
dokola,ńąkoło,ŋɑkowo,,,,
Doktor (vědecká hodnost),doqtorh,doqtoɾ,,,,
doktor,doqtó,doqtoː,,,,
doktor,vracz,vratʃː,lap’ßprájth,lap’sːpraːjθ,,
doktor,vracz,vratʃː,lap'ßprájth,lap'sːpraːjθ,,
dokud,dzokąd,dzokɑd,,,,
dokument,doqümenth,doqɯmɛnθ,,,,
dokumentární film,dzełaňjonká,dzɛwaɲjonkaː,,,,
dolar,dolár,dolaːr,dtholhar,ðoɬar,báksa,baːksa
dolina,dzołyńa,dzowyŋa,,,,
dolní lužice,dołnoje lużyce,downojeluʒːyce,,,,
dolní,dołno,downo,,,,
dolní,dołnyj,downyj,,,,
dolnolužická srbština,dołnolużycki,downoluʒːycki,,,,
dolnolužický,dołnolużyckyj,downoluʒːyckyj,,,,
dolnolužický,dolnolużyckyj,golnoluʒːyckyj,,,,
doložit,dzołożyč,dzowoʒːytʃ,,,,
doma,dąmá,dɑmaː,,,,
dominovat,domynovač,domynovatʃ,,,,
domnívání,pred’ßuďje,prɛd’sːuɖjɛ,,,,
domnívání,pred'ßuďje,prɛd'sːuɖjɛ,,,,
domorodec,domołrođąc,domowrodʒːɑc,,,,
domovní,domovňyj,domovɲyj,,,,
domovník,domovňyq,domovɲyq,domoviťjëczyk,domoviʈjætʃːyk,,
donosit,donaszyč,donaʃːytʃ,,,,
dopis,pismó,pismoː,alfabëth,alfabæθ,,
dopis,pithmo,piθmo,,,,
doplnit,dopĺňyč,doplːɲytʃ,,,,
dost,došč,doʃtʃ,,,,
dostat,doßtač,dosːtatʃ,,,,
dostat,dzostač,dzostatʃ,,,,
dostatečně,doščateczno,doʃtʃatɛtʃːno,,,,
dostatečně,dzosthatëčňje,dzosθatætʃɲjɛ,,,,
dostatek,dosadtha,dosaða,,,,
dostávat,dzostavač,dzostavatʃ,,,,
dosud,dzosegovremji,dzosɛgovrɛmji,,,,
dosud,suda,suda,,,,
dotace,dothacja,dotθacja,,,,
dotyk,dotÿq,dotʏq,,,,
dotýkat,dotÿkarač,dotʏkaratʃ,,,,
doutník,cygaro,cygaro,vajgľ,vajgʎ,,
dovážet,pryvödzovač,pryvədzoatʃ,,,,
dovědět se,dzovjëdžeč sa,dzovjædʒɛtʃ sa,,,,
dovednost,iskustvo,iskustvo,,,,
dovendý,iskustvnyj,iskustnyj,,,,
dovoz,dłóvodz,dwoːvodzca,,,,
dovoz,pryvödz,pryvədz,,,,
dovozce,dłóvodzca,dwodzca,,,,
dovozce,pryvödzczyk,pryvədztʃːyk,,,,
dozor,doźor,dozːor,,,,
dozrávat,dzożráłač,dzoʒːtawatʃ,,,,
dožinky,dzożynćë,dzoʒːyncːɛ,,,,
dožít,dożyč,doʒːytʃ,,,,
doživotní,dzożyčne,dzoʒːytʃnɛ,,,,
draho,drőgo,drəgo,,,,
drahota,drőgotha,drəːgoθa,,,,
drahý,drőgij,drəːgij,,,,
drak,draq,draq,,,,
drakobijec,draqar,draqar,,,,
drama,dthramar,ðramar,,,,
drama,džrháma,dʒɾaːma,,,,
dramatický,dthramaratycznyj,ðramaratytʃːnyj,,,,
drastický,d’rasthyckhyj,d’rasθycʁyj,,,,
drastický,d'rasthyckhyj,d'rasθycʁyj,,,,
drát,drőth,drəːθ,,,,
dravec,drałjeć,drawjɛcː,,,,
dravý pták,drapjeżňykh,drapjɛʒɲyʁ,,,,
dravý,drałjećnyj,drawjɛcːnyj,,,,
dráždivý,qaprzysznyj,qapɽːyʃːnyj,radzrąžlivyj,radzrɑʒlivyj,,
drobnost,drobnoszczyča,drobnoʃːtʃːytʃa,,,,
drobný,drÿbnyj,drʏbnyj,małyj,mawyj,,
drozd,dródz,droːdz,,,,
droždí,dróžđe,droːʒdʒːɛ,,,,
druh (člověka),ród,roːd,,,,
druh (živočišný),rod,rod,,,,
družina,dŕużyńa,drːuʒːyŋa,,,,
dřevěný,drëvjányj,drævjaːnyj,,,,
dřevo,drëvo,drævo,ďërévo,ɖærɛːvo,,
dřevo,drzëvé,dɽːævɛː,,,,
dřez,firacz,firatʃː,,,,
dřímat,drzëmač,dɽːæmatʃ,,,,
dřít (pracovat),drzáč,dɽːaːtʃ,,,,
dřít,držáč,drʒaːtʃ,,,,
dub,dąb,dɑb,dűb,dɯːb,,
duben,aprýlh,apryːɬ,,,,
duha,duga,duga,,,,
duch,dükh,dɯʁ,,,,
důchod,dłokhod,dwoʁod,,,,
důchod,dłokhodth,dwoʁoð,,,,
důchodce,dłokhodczyk,dwoʁodtʃːyk,,,,
důchodový,dłokhodovyj,dwoʁodovyj,,,,
duchovenstvo,dükhovjenstvo,dɯʁovjɛnstvo,,,,
duchovní,dükhovnyj,dɯʁovnyj,,,,
důkaz,dłókadz,dwoːkadz,,,,
důkladně,doqłëdňje,doqwædɲjɛ,,,,
důkladný,dzoqłëdnyj,dzoqwædnyj,,,,
důl,dúł,duːw,majń,majŋ,,
dům,dom,dom,,,,
dusík,azoth,azoθ,,,,
dusit,dz’syč,dz’sytʃ,,,,
dusit,dz'syč,dz'sytʃ,,,,
dusný,dz’snyj,dz’snyj,,,,
dusný,dz'snyj,dz'snyj,,,,
důstnojost,pkhaq’arúsz,pʁaq’aruːʃː,,,,
důstnojost,pkhaq'arúsz,pʁaq'aruːʃː,,,,
důstojnost,doštojnoszč,doʃtojnoʃːtʃ,,,,
duše,dhusza,dhuʃːa,,,,
duše,dusza,duʃːa,,,,
důvěra,bereňje,bɛrɛɲjɛ,,,,
důvod,dłovodz,dwovodz,,,,
dva,dva,dva,,,,
dvakrát,dvakrač,dvakratʃ,,,,
dveře,bramą,bramɑ,vrúta,vruːta,,
dveře,dvëre,dværɛ,,,,
dveře,vrúta,vruːta,,,,
dvojčata,błyźňjećy,bwyzːɲjɛcːy,,,,
dvojče,bľÿdzňjéc,bʎʏdzɲjɛːc,,,,
dvor,dvör,dvər,,,,
dým,dthÿm,ðʏm,,,,
dýmit,dthÿmyč,ðʏmytʃ,,,,
dýmka,dyma,dyma,,,,
dynamit,dzünamith,dzɯnamiθ,,,,
dynastie,dzÿnastja,dzʏnastja,,,,
dynastie,qlhon,qɬon,,,,
dýně,tyqva,tyqva,,,,
dyplomat,dyplhömatczyk,dypɬəmattʃːyk,,,,
džbán,đ’an,dʒː’an,,,,
džbán,đ'an,dʒː'an,,,,
džem,marmëládthe,marmælaːðɛ,,,,
džin,džiń,dʒiŋ,,,,
džungle,džungła,dʒungwa,,,,
edice,ëdycja,ædycja,thyráż,θyraːʒː,,
efekt (trik),triq,triq,,,,
efekt,efeqt,ɛfɛqt,redzültáth,redzɯltaːθ,,
efektivní,efeqtyvnyj,ɛfɛqtyvnyj,,,,
efektivnost,efeqtyvnošč,ɛfɛqtyvnoʃtʃ,,,,
ego,égo,eːgo,,,,
ego,ego,ɛgo,,,,
egoismus,egojiźmús,ɛgojizːmuːs,,,,
egoista,egojistczyk,ɛgojisttʃːyk,,,,
egoistycký,egojistycznyj,ɛgojistytʃːnyj,,,,
egypt,aegyptus,aɛgyptus,,,,
egyptský,aegyptskyj,aɛgyptskyj,,,,
ekolog,eqologczyk,ɛqologtʃːyk,,,,
ekologie,eqologja,ɛqologja,,,,
ekonom,eqonomczyk,ɛqonomtʃːyk,,,,
ekonomický,eqonomyckyj,ɛqonomyckyj,,,,
ekonomie,eqonomja,ɛqonomja,,,,
ekonomika,eqonomika,ɛqonomika,,,,
elastický,elhastycznyj,ɛɬastytʃːnyj,,,,
elegantní,ełaganthnyj,ɛwaganθnyj,,,,
elektrárna,elëqtráreň,ɛlæqtraːrɛɲ,,,,
elektrický,elëqtrÿckyj,ɛlæqtrʏckyj,,,,
elektron,elëqtroń,ɛlæqtroŋ,,,,
elektronický,elëqtrońyczeskyj,elæqtroŋytʃːɛskyj,,,,
elektřina,elëqtřÿńa,ɛlæqtɽʏŋa,,,,
element,elementh,ɛlɛmɛnθ,,,,
elf,ëlf,ælf,,,,
eliminovat,ełym’ńovač,ɛwym’ŋovatʃ,,,,
eliminovat,ełym'ńovač,ɛwym'ŋovatʃ,,,,
elita,élyth,ɛːlyθ,,,,
elitní,élythárnyj,ɛːlyθaːrnyj,,,,
elize,elizja,ɛlizja,,,,
embargo,ëmbragło,æmbargwo,,,,
emigrace,emÿgrácja,ɛmʏgraːcja,izseľeňje,izsɛʎɛɲjɛ,,
emigrant,emÿgranthczyk,ɛmʏdrabθtʃːyk,,,,
emigrovat,emÿgrováč,ɛmʏgrovatʃ,izseľač,izsɛʎatʃ,,
emise,emizja,ɛmizja,,,,
emoce,emocja,ɛmocja,,,,
emocionální,emocjonálnÿj,ɛmocjonaːlnʏj,,,,
encyklopedie,ëncyqlopedja,æncyqlopɛdja,,,,
energetika,eńergethyqa,ɛŋɛrgɛθyqa,,,,
energie,eńergja,ɛŋɛrgja,,,,
entita,entyth,entyθ,,,,
entuziasmus,ënthuzjasmús,ænθuzjasmuːs,,,,
entuziasta,ënthuzjasthczyk,ænθuzjasθtʃːyk,,,,
epidemický,epydemyckyj,ɛpydɛmyckyj,,,,
epidemie,epüdemja,ɛpɯdɛmja,,,,
epidemie,epydemja,ɛpydɛmja,,,,
epocha,epoqa,ɛpoqa,,,,
éra,era,ɛra,dąba,dɑba,,
éra,vremjańka,vrɛmjaŋka,,,,
erotický,ërotycznyj,ærotytʃːnyj,,,,
erotika,ërotyka,ærotyka,,,,
esej,oczerq,otʃːɛrq,,,,
eskorta,eßqorth,ɛsːqorθ,,,,
eskortovat,eßqorthovač,ɛsːqorθovatʃ,,,,
estonsko,aestonja,aɛstonja,,,,
estonský,aestonskyj,aɛstonskyj,,,,
etický,etycznyj,ɛtytʃːnyj,,,,
etika,etyqa,ɛtyqa,,,,
etnický,ethnycznyj,ɛθnytʃːnyj,,,,
etnografický,ethnografickyj,ɛθnografickyj,,,,
etymologický,entymologycznyj,ɛntymologytʃːnyj,,,,
etymologie,entymologja,ɛntymologja,,,,
euro,jełro,jɛwro,,,,
evakuace,evakłacja,ɛvakwacja,,,,
evakuovat,evakłakovač,ɛvakwakovatʃ,,,,
eventuální,eventłalhnyj,ɛvɛntwaɬnyj,,,,
evidentní,jełydeńtnyj,jɛwydɛŋtnyj,,,,
evoluce,evolucja,ɛvolucja,,,,
evropa,jevropa,jɛvropa,,,,
evropan,jevropejczyk,jɛvropɛjtʃːyk,,,,
evropská unie,jevropejskaja uńja,jɛvropɛjskaja uŋja,,,,
evropský,jevropejskyj,jɛvropɛjskyj,,,,
exemplář,ëgźplhár,ægzːpɬaːr,,,,
existence,eksyßtëncja,ɛksysːtæncja,,,,
existování,żyčeňje,ʒːytʃɛɲjɛ,,,,
existovat,żyč,ʒːytʃ,,,,
existující,żyčje,ʒːytʃjɛ,,,,
exot,egźoth,ɛgzːoθ,,,,
expanze,ekźpanzja,ekzːpanzja,rodzszyřeňje,rodzʃyɽːɛɲjɛ,,
experiment,ëkserymendth,æksɛtymenð,poküs,pokɯs,,
experiment,poküs,pokɯs,,,,
experimentovat,poküsovač,pokɯsovatʃ,,,,
expert,ëgźperth,ægzːpɛrθ,,,,
explodovat,vybúkhnúč,vybuːʁnutʃ,,,,
exploze,vukh’qczja,vuʁ’qtʃːja,izbuch,izbux,,
exploze,vukh'qczja,vuʁ'qtʃːja,izbuch,izbux,,
export,egźporth,ɛgzːporθ,,,,
export,izvost,izvost,,,,
exportovat,egźportovač,egzːportovatʃ,,,,
expres,ëkzpreß,ækzprɛsː,,,,
extrémistický,ekztrémysticzskyj,ekztrɛːmystitʃːskyj,,,,
fabrika,fąbrykh,fɑbryʁ,,,,
fakt,faqt,faqt,,,,
faktor,czyńczyk,tʃːyŋtʃːyk,,,,
faktura,faqtúr,faqtuːr,,,,
fakulta,faqultáß,faqultaːsː,,,,
faleš,fąłszja,fɑwʃːja,,,,
falešný,fałëšnyj,fawæʃnyj,,,,
falešný,fąłszyvyj,fɑwʃːyvyj,,,,
fanatický,fąńatycznyj,fɑŋatytʃːnyj,,,,
fanatik,fąńatyczňik,fɑŋatytʃːɲik,,,,
fanoušek,fań,faŋ,,,,
fantastický,fąńtastcznyj,fɑŋtasttʃːnyj,,,,
fašismus,faszysmús,faʃːysmuːs,,,,
fašista,faszyst,faʃːyst,,,,
fatálně,fątálhno,fɑtaːɬno,,,,
faul,fáł,faːw,,,,
favorit,fąvoryt,fɑvoryt,,,,
fax,fąks,fɑks,,,,
fazole,fazüľa,fazɯʎa,bob,bob,,
federace,fëderácja,fædɛraːcja,,,,
federální,fëderálnyj,fædɛraːlnyj,,,,
federativní,fëderátyvnyj,fædɛraːtyvnyj,,,,
fejeton,fejetąn,fɛjɛtɑn,,,,
fena,suqa,suqa,,,,
fermentace,qvasycja,qvasycja,,,,
fermentovat,qvasyč,qvasytʃ,,,,
festival,fëstüval,fæstɯval,,,,
feudalismus,fełdalysmús,fewdalysuːs,,,,
feudální,fełdalnyj,fewdalnyj,,,,
fialový,pukhpúr,puʁpuːr,,,,
figura,figúra,figuːra,,,,
figura,statüja,statɯja,,,,
fík,ßmokva,sːmokva,,,,
fikce,fikcja,fikcja,,,,
filantropie,fülantropja,fɯlantropja,,,,
filharmonie,fÿlharmonja,fʏɬarmonja,,,,
film,ejga,ɛjga,kinó,kinoː,,
film,fiľm,fiʎm,,,,
filolog,fülolog,fɯlolog,,,,
filozof,fyloźof,fylozːof,,,,
filtr,ceđydž,cɛdʒːydʒ,,,,
filtr,filtr,filtr,,,,
filtrovat,ceđyč,cɛdʒːytʃ,,,,
filtrovat,filtrovač,filtrovatʃ,,,,
finále,fináł,finaːw,,,,
finance,finanßje,finansːjɛ,,,,
financovat,finanßovač,finansːovatʃ,,,,
finanční,financznyj,finantʃːnyj,,,,
finančník,finanß,finansː,,,,
finsko,fyňlandth,fyɲlanð,,,,
finština,fynski,fynski,,,,
firma,qompanija,qompanija,,,,
firmový,qompanyj,qompanyj,,,,
fiskální,fyßqáłnyj,fysːqaːwnyj,,,,
flakón,flaqoń,flaqoŋ,,,,
flétna,fľúga,fʎuːga,,,,
flotila,flhotyl,fɬotyl,,,,
floutek,flúťikh,fluːʈiʁ,,,,
fólie,folja,folja,,,,
folklór,folqlór,folqloːr,,,,
folozofie,filoźofja,filozːofja,,,,
fond,fondth,fonð,,,,
fonetický,fonethycznyj,fonɛθytʃːnyj,,,,
fonetika,fonethyq,fonɛθyq,,,,
fonologie,fonologja,fonologja,,,,
fontána,fońtán,foŋtaːn,,,,
fontána,vath'skoq,vaθ'skoq,,,,
fór,für,fɯr,,,,
forma,főrma,fəːrma,,,,
formálita,főrmalyth,fəːrmalyθ,,,,
formální,főrmálnyj,fəːrmaːlnyj,,,,
formulář,főrmuĺár,fəːrmulːaːr,,,,
formule,főrmuľa,fəːrmuʎa,,,,
fórum,förum,fərum,,,,
fosfor,foßforüs,fosːforɯs,,,,
fotit,fotografírovač,fotografiːrovatʃ,,,,
fotografický,fotografycznyj,fotografytʃːnyj,,,,
fotografie,fotografíja,fotografiːja,,,,
fragment,frągmenth,frɑgmɛnθ,,,,
frakce,frakcja,frakcja,,,,
francie,francja,francja,,,,
francouz,francúżyk,francuːʒːyk,,,,
francouzský,francúzskyj,francuːzskyj,,,,
frekvence,frëkvencja,frækvɛncja,,,,
fretka,lasića,lasicːa,,,,
fungovat,füngovač,fɯngovatʃ,,,,
fungovat,fungovač,fungovatʃ,,,,
funkce,funkcja,funkcja,,,,
fúze,fúzja,fuːzja,,,,
fyzický,fýzyčnyj,fyːzytʃnyj,,,,
fyzika,fýzis,fyːzis,,,,
fyzika,fýziß,fyːzisː,,,,
fyzilogie,fyzjologja,fyzjologja,,,,
galaxie,galhëksja,gaɬæksja,,,,
galerie,galérja,galɛrja,,,,
galície,galißja,galisːja,,,,
gangster,gałnër,gawnær,,,,
garance,garancja,garancja,,,,
garantovat,garantovač,garantovatʃ,,,,
garáž,garaża,garaʒːa,,,,
garnizóna,đarńydzűn,dʒːarŋydzɯːn,,,,
gen,geń,gɛŋ,,,,
geneologie,geńeologja,gɛŋɛologja,,,,
generál,genëráł,gɛnæraːw,,,,
generál,hidëki,hidæki,,,,
generalissimo,hideki,hidɛki,,,,
generalizovat,genëráłyzovač,gɛnæraːwyzovatʃ,,,,
generální,genëráłnyj,gɛnæraːwnyj,,,,
generátor,gënerát,gænɛraːt,,,,
genitiv,padež,padɛʒ,,,,
genius,đýn’jús,dʒːyːn’juːs,,,,
genius,đýn'jús,dʒːyːn'juːs,,,,
genius,geňúß,gɛɲuːsː,genyj,gɛnyj,,
gentleman,đentlhmën,dʒːɛntɬmæn,,,,
geografie,žjemľafja,ʒjɛmʎafja,,,,
geometrie,ßymetrja,sːymɛtrja,,,,
gesto,gës't,gæs't,żëß't,ʒæsː't,,
ghana,gáńa,gaːŋa,,,,
ghanec,gáńczyk,gaːŋtʃːyk,,,,
ghetto,gëto,gæto,,,,
gigant,gygańth,gygaŋθ,,,,
globalizace,žjemlozacja,ʒjɛmlozacja,,,,
globalizační,žjemlozacznyj,ʒjɛmlozytʃnyj,,,,
globální oteplování,žjemkaňje,ʒjɛmkaɲjɛ,,,,
globální,žjemňje,ʒjɛmɲjɛ,,,,
glosa,glhoß,gɬosː,,,,
glosování,glhoßovaňje,gɬosːovaɲjɛ,,,,
gluboký,glúboqyj,gluːboqyj,,,,
graf,grąf,grɑf,,,,
grafický,grafycznyj,grafytʃːnyj,,,,
grafik,grafykh,grafyʁ,,,,
grafika,grafykha,grafyʁa,,,,
grafit,grafith,grafiθ,,,,
gramatika,gramatÿqa,gramatʏqa,,,,
granát,granát,granaːt,,,,
granátomet,granátomka,granaːtomka,,,,
granátové jablko,grąnath,grɑnaθ,,,,
gratulovat,blagożelač,blagoʒːɛlatʃ,,,,
grimasa,grÿmas,grʏmas,,,,
grupáč,grupacz,grupatʃː,,,,
gruzie,g’ruzja,g’ruzja,,,,
gruzie,grúzja,gruːzja,,,,
gruzie,g'ruzja,g'ruzja,,,,
gruzínec,grúzynczyk,gruːzyntʃːyk,,,,
gruzínský,grúzynskyj,gruːzynskyj,,,,
guma,gúm,guːm,desna,dɛsna,żłaczka,ʒːwatʃːka
gusto,gúßto,guːsːto,,,,
gymnastika,gimnaßtyk,gimnasːtyk,,,,
gymnazium,gimnaźjúm,gimnazːjuːm,,,,
habr,grąb,grɑb,,,,
hádání,gádáňje,gaːdaːɲjɛ,,,,
hádka,sváđa,svaːdʒa,,,,
háj,kháj,ʁaːj,,,,
hala,haĺa,halːa,,,,
hanba,bedzczešč,bɛdztʃːɛʃtʃ,,,,
hanba,gaňba,gaɲba,,,,
hanba,gaňbą,gaɲbɑ,,,,
handlíř,handlérzczyk,handlɛɽːtʃːyk,,,,
harmonie,harmóńja,harmoːŋja,,,,
harmonogram,raßpis,rasːpis,,,,
hasiči,hasoczy,hasotʃːy,,,,
hasit,gasyč,gasytʃ,,,,
havárie,avárja,avaːrja,,,,
havran,gavrún,gavruːn,,,,
hedváb,gjedváb,gjɛdvaːb,,,,
hedváb,szolk,ʃːolk,,,,
helma,szlhem,ʃːɬɛm,qaßq,qasːq,,
helokptéra,vŕtuľoleth,vrːtuʎolɛθ,,,,
herbář,gorczynczyk,grotʃːyntʃːyk,,,,
herec,aktëż,aktæʒː,,,,
herectví,aktëżstvo,aktæʒːstvo,,,,
heretyk,heretczyk,hɛrɛttʃːyk,,,,
hereze,herezja,hɛrɛzja,,,,
heroin,herojn,hɛrojn,,,,
heslo,heslo,hɛslo,,,,
hierarchický,hijerarchyczńyj,hijɛrarxytʃːŋyj,,,,
hierarchie,hijerarchija,hijɛrarxija,,,,
historie,historja,historja,,,,
hlad,gladth,glað,,,,
hlad,glúdth,gluːð,,,,
hlad,lhadth,ɬað,,,,
hladký,glhódkyj,gɬoːdkyj,,,,
hladovka,głodúfka,gwoduːfka,,,,
hladový,głodnyj,gwovnyj,,,,
hlas,głoß,gwosː,,,,
hlasitý,głoßytyj,gwosːytyj,,,,
hlasování,głoßovaňje,gwosːovaɲjɛ,,,,
hlasovat,głoßovač,gwosːovatʃ,,,,
hlava,glava,glava,,,,
hlava,glhava,gɬava,goloźňą,golozːɲɑ,,
hlavně,glhavno,gɬavno,,,,
hlavní,glhavnyj,gɬavnyj,,,,
hledáček,meridło,meridwo,dałaťëľ,dawaʈɛw,,
hledat,szükač,ʃːɯkatʃ,,,,
hledat,szukač,ʃːukatʃ,,,,
hlína,glińa,gliŋa,ilh,iɬ,,
hliník,aluminjúm,aluminjuːm,gliňíkh,gliɲiːʁ,,
hloubka,glúbqa,gluːbqa,,,,
hloupost,dúrnošč,duːrnoʃtʃ,glhupošč,gɬupoʃtʃ,,
hloupý,dúrnyj,duːrnyj,,,,
hlubší,gluszyj,gluʃːyj,,,,
hluchota,glukhothaća,gluʁoθacːa,,,,
hluchý,glukhyj,gluʁyj,,,,
hluk,szüm,ʃːɯm,,,,
hlupák,duraq,duraq,,,,
hmota,gmót,gmoːt,,,,
hnát,gnač,gnatʃ,,,,
hněv,gňev,gɲɛv,,,,
hněvat se,gňevač sa,gɲɛvatʃ sa,,,,
hnít,hňič,hɲitʃ,,,,
hnízdo,gňjezdo,gɲjɛzdo,,,,
hobby,hoby,hoby,,,,
hodina,czas,tʃːas,,,,
hodně,dużo,duʒːo,bołszo,bowʃːo,,
hodné,godthnyje,goðnyjɛ,,,,
hodnost,godnyj,godnyj,,,,
hodný,dobaryj,dobaryj,,,,
hodovat,hodovač,hodovatʃ,,,,
hojit,gojič,gojitʃ,,,,
hojný,ščedryj,ʃtʃɛdryj,,,,
hokej,hoqëj,hoqæj,,,,
holandsko,hokhlandth,hoʁlanð,,,,
holandský,hokhlandthskyj,hoʁlanðskyj,,,,
hold,gűłd,gɯːwd,,,,
holding,höldyng,həldyng,,,,
holit,kholič,ʁolitʃ,,,,
holub,goląb,golɑb,,,,
homosexual,homoseksłalh,homosekswaɬ,,,,
hon,goń,goŋ,,,,
honit,gońyč,goŋytʃ,,,,
hora,gora,gora,verch,vɛrx,,
hora,gúra,guːra,đabalh,dʒːabaɬ,,
horko,gorqo,gorqo,,,,
horní,verchnyj,vɛrxnyj,,,,
hornictví,gorňyctvo,gorɲyctvo,,,,
horník,gorczyk,gortʃːyk,,,,
hornolužický,gornolużyckyj,gornoluʒːyckyj,,,,
horský,gorskyj,gorskyj,,,,
horší,gorszyj,gorʃːyj,,,,
horší,horszyj,horʃːj,,,,
hořčice,gorczyća,gortʃːycːa,,,,
hořkost,goŕjačnošč,gorːjatʃnoʃtʃ,,,,
hořký,goŕjačnyj,gorːjatʃnyj,,,,
hospoda,goßpodtha,gosːpoða,,,,
hospodář,goßpodtharnczyk,gosːpoðarntʃːyk,,,,
hospodářka,goßpodtharňića,gosːpoðarɲicːa,,,,
hospodářský,goßpodthnyj,gosːpoðnyj,,,,
hospodářství,goßpodthyctvo,gosːpodðyctvo,,,,
hospodin,goßpodzin,gosːpodzin,,,,
host,gošcz,goʃtʃː,,,,
hostinec,goščyňjeć,goʃtʃyɲjɛcː,,,,
hostitel,gošczyčeľczyk,goʃtʃːytʃɛʎtʃːyk,,,,
hotel,hoteł,hotɛw,,,,
hotelový,hotełovyj,hotɛwovyj,,,,
hotový,gothovyj,goθovyj,,,,
houba,gubka,gubka,,,,
houby,gúby,guːby,,,,
houpat,húpač,huːpatʃ,,,,
housenka,gąłßeňica,gɑwsːɛɲica,,,,
hra,gra,gra,,,,
hra,igra,igra,,,,
hrabat,grabyč,grabytʃ,,,,
hrábě,grábje,graːbjɛ,,,,
hranice,graňyca,graɲyca,,,,
hraničit,graňyczyč,graɲytʃːytʃ,,,,
hranostaj,granoščaj,granoʃtʃaj,,,,
hrát,grač,gratʃ,,,,
hrb,karb,karb,,,,
hrdina,gëroj,gæroj,,,,
hrdina,gëroj,gæroj,bogaťër,bogaʈær,,
hrdlo,gŕdło,grːdwo,,,,
hrdost,gardošč,gardoʃtʃ,,,,
hrdý,gardyj,gardyj,,,,
hrnec,gŕňjeć,grːɲjɛcː,khaßtrőł,ʁasːtrəːl,bagandža,bagandʒa
hrob,grób,groːb,,,,
hrobař,gróbar,groːbar,,,,
hroch,groch,grox,,,,
hrom,grom,grom,,,,
hromadit,gromadžič,gromadʒitʃ,,,,
hrouda,grołdtha,growða,,,,
hrozba,grődzba,grəːdzba,,,,
hrozba,opaßnošč,opasːnoʃtʃ,,,,
hrozit,grőđyč,grəːdʒːytʃ,,,,
hrozit,grodžič,grodʒitʃ,,,,
hrozit,opaßnyč,opasːnytʃ,,,,
hrozný,grődznyj,grəːdznyj,,,,
hrozný,opaßnyj,opasːnyj,,,,
hrubost,grűbošč,grɯːboʃtʃ,,,,
hruška,grúsza,gruːʃːa,,,,
hryzat,gryzač,gryzatʃ,,,,
hřát,grzač,gɽːatʃ,,,,
hřbet,grbijet,grbijɛt,,,,
hřbitov,grbitov,grbitov,,,,
hřbitov,kerchoł,kerxow,,,,
hřbitov,kerchoł,kerxow,grbydthoł,grbyðow,,
hřeben,grjebjeň,grjɛbjɛɲ,,,,
hřebík,hżmúdž,hʒːmuːdʒ,,,,
hřešit,greszyč,grɛʃːytʃ,,,,
hřib,hrzyb,hɽːyb,,,,
hřích,grijech,grijɛx,,,,
hřích,grjech,grjɛx,,,,
hříšník,greszczyk,grɛʃːtʃːyk,,,,
hříva,hřyva,hɽyva,,,,
hřivna,hrzyvńa,hɽːyvŋa,,,,
hřmět,grzemač,gɽːɛmatʃ,,,,
hubit,gúbyč,guːbytʃ,,,,
hubnout,chúbnúč,xuːbnuːtʃ,,,,
hubnout,khudnúč,ʁudnuːtʃ,dzmrszavič,dzmrʃːavitʃ,,
hulvát,gúłváth,guːwvaːθ,,,,
humanismus,humanismus,humanismus,,,,
humanitární,humanitarnyj,humanitarnyj,,,,
humanitní,humanytńyj,humanytŋyj,,,,
humor,ßmješqa,sːnjɛʃqa,,,,
husí kůže,gësynka,gæsynka,,,,
husí,gësyj,gæsyj,,,,
hustý,hústyj,huːstyj,,,,
hutnický,żelarznyj,ʒːɛlaɽːnyj,,,,
hvězda,dzvezda,dzvɛzda,gvjazda,gvjazda,,
hvizd,gvizd,gvizd,,,,
hvízd,gvizdok,gvizdok,,,,
hvízdat,gvizdač,gvizdatʃ,,,,
hydraulický,hydrałlyckyj,hydrawlyckyj,,,,
hydraulika,hydrałlyqa,hydrawlyqa,,,,
hygiena,hygijeńa,hygijɛŋa,,,,
hymna,hymńus,hymŋus,,,,
hypotéka,hypotéq,hypotɛːq,,,,
hypotéza,hypotezja,hypotɛzja,,,,
chalva,khalva,ʁalva,,,,
chalva,khałva,ʁawva,,,,
chamtivý,drżgrosznyj,drʒːgroʃːnyj,,,,
chaos,bedzład,bɛdzwad,,,,
chápat,poňj’maječ,poɲj’majɛtʃ,,,,
chápat,poňj'maječ,poɲj'majɛtʃ,,,,
charakteristický,chąrąktërysičskyj,xɑrɑktærysitʃskyj,,,,
charakteristika,chąrąktërystiqa,xɑrɑktætystiqa,,,,
charakterizovat někoho,czrtavač,tʃːrtavatʃ,,,,
chcípat,ščípač,ʃtʃiːpatʃ,,,,
chemický experient,ch’mi,x’mi,,,,
chemický experient,ch'mi,x'mi,,,,
chemický,chemičeskyj,xɛmitʃɛskyj,,,,
chemie,ch’mja,x’mja,,,,
chemie,chemja,xɛmja,,,,
chemie,ch'mja,x'mja,,,,
chemikálie,chemikaľja,xɛmikaʎja,,,,
chile,cz’le,tʃː’lɛ,,,,
chile,cz'le,tʃː'lɛ,,,,
chirurgie,khyrurgja,ʁyrurgja,,,,
chlad,chladz,xladz,,,,
chlad,chładz,xwadz,,,,
chladič,cholhodnok,xoɬodnok,,,,
chladit,chladzič,xladzitʃ,,,,
chladit,chlhadzič,xɬadzitʃ,,,,
chladno,chładzno,xwadzno,,,,
chladný,cholhodnyj,xoɬodnyj,,,,
chlapec,chłopjeć,xwopjɛcː,,,,
chlapec,moloďec,moloɖɛc,,,,
chlapec,qokh,qoʁ,,,,
chlazení,chladzeňje,xladzɛɲjɛ,,,,
chléb,chle‘b,xlɛ’b,,,,
chléb,chle‘b,xlɛ'b,,,,
chléb,chľeb,xʎɛb,,,,
chlév,qlhef,qɬef,šviňjarňik,ʃviɲjarɲik,,
chlór,chlórh,xloːɾ,,,,
chlubit se,chvalič sa,xvalitʃ,gorđič sa,gordʒːitʃ sa,,
chmel,khmoł,ʁmow,,,,
chodit,hoďič,hoɖitʃ,stoßovno,stosːovno,,
chodník,hodňik,hodɲik,,,,
chór,chor,xor,,,,
choroba,chvorobą’j,xvorobɑ’j,,,,
choroba,chvorobą'j,xvorobɑ'j,,,,
choroba,khorőba,ʁorəːba,,,,
chorvat,dalhmatczyk,daɬmattʃːyk,,,,
chorvat,hrvatczyk,hrvattʃːyk,,,,
chorvat,charvatczik,xarvattʃːik,,,,
chorvatsko,dalhmácja,daɬmaːcja,,,,
chorvatsko,hrvacja,hrvacja,,,,
chorvatsko,charvacja,xarvacja,,,,
chorvatský,dalhmackyj,daɬmackyj,,,,
chorvatský,hrvackyj,hrvackyj,,,,
chorvatský,charvackyj,xarvackyj,,,,
choť,khoč,ʁotʃ,,,,
chrám,qrám,qraːm,,,,
chráněný,chraňenyj,xraɲɛnyj,,,,
chránit,chraňič,xraɲitʃ,,,,
chroust,khrołsth,ʁrowsθ,,,,
chrt,khaŕth,ʁarːθ,,,,
chřest,hřekhošč,hɽɛʁoʃtʃ,,,,
chřestýš,hřekhotňyk,hɽɛʁotɲyk,,,,
chřipka,grypa,grypa,,,,
chřipkový,grypovyj,grypovyj,,,,
chtít,chačuč,xatʃutʃ,,,,
chtít,chteč,xtɛtʃ,,,,
chuligán,húlygań,huːlygaŋ,,,,
chuligán,chüligan,xɯligan,,,,
chvála,chvała,xvawa,,,,
chvíle,chvyľa,xvyʎa,,,,
chvilka,minutóczka,minutoːtʃːka,,,,
chvilka,mińutoczka,miŋtotʃːka,,,,
chyba,błąd,bwɑd,blhąd,bɬɑd,,
chybět,dos’sthathothoč,dos’ðaθoθotʃ,,,,
chybět,dos'sthathothoč,dos'ðaθoθotʃ,,,,
chytrý,chütryj,xɯtryj,qle'v,qlɛ'v,,
chytrý,múdryj,muːdryj,,,,
i ,dthúb,ðuːb,,,,
i,aj,aj,,,,
i,thí,θiː,,,,
idea,jidea,jidɛa,,,,
idea,ydeja,ydɛja,,,,
ideál,jideał,jidɛaw,,,,
idealismus,jidealismus,jidɛalismus,,,,
idealistický,jidealystycznyj,jidɛalystytʃːnyj,,,,
ideální,ëkht,æʁt,,,,
identický,idthentycznyj,iðɛntytʃːnyj,,,,
identifikovat,idthentyfyqovač,iðɛntyfyqovatʃ,,,,
ideolog,jideolőg,jidɛoləːg,,,,
ideologický,jideologyckyj,jidɛologyckyj,,,,
ideologie,jideolőgja,jidɛoləːgja,,,,
idiot,ydijot,ydijot,,,,
idyla,ydylha,ydyɬa,,,,
ignorace,igńoracja,ogŋoracja,,,,
ignorant,yqnoranč,yqnorantʃ,,,,
ignorovat,igńorovač,igŋorovatʃ,,,,
ikona,iqon,iqon,,,,
ilustrace,ylüßtracja,ylɯsːtracja,,,,
ilustrovat,ylüßtrovač,ylɯsːtrovatʃ,,,,
iluze,iluzja,iluzja,,,,
imigrace,imygracja,imygracja,,,,
imigrant,imygranth,imygranθ,,,,
imigrovat,imygrovač,imygrovatʃ,,,,
imitace,imitacja,imitacja,,,,
imitovat,imitovač,imitovatʃ,,,,
impérium,ympérjúm,ympɛrjuːm,,,,
import,pryvödz,pryvədz,,,,
importovat,pryvödzovač,pryvədzovatʃ,,,,
impuls,impúlz,impuːlz,,,,
imunita,imunitja,imunitja,,,,
inaugurace,inałguracja,inawguracja,,,,
index,yndeks,yndɛks,,,,
indický,yndyckyj,yndyckyj,,,,
indie,yndja,yndja,,,,
individualista,yndyvidłalysczyk,yndyvidwalystʃːyk,,,,
individualizmus,yndyvidłálysmus,yndyvydwaːlysmus,,,,
individuální,yndyvidłálnyj,yndyvydwaːlnyj,,,,
indo-árijský,yndoárjanskyj,yndoaːrjanskyj,,,,
indoevropský,yndojevropejskyj,yndojɛvropejskyj,,,,
indoíránský,yndojíranskyj,yndojiːranskyj,,,,
indonesie,yndonezja,yndonɛzja,,,,
industrializace,industrjalyzacja,industralyzacja,,,,
infekce,infekcja,infɛkcja,zaráźa,zaraːzːa,,
infekční,infekcznyj,infɛktʃːnyj,zaráźnyj,zaraːzːnyj,,
infinitv,qłoliczňikh,qwotʃːɲiʁ,,,,
inflace,ynflácja,ynflaːcja,,,,
inflační,ynflácznyj,ynflaːtʃːnyj,,,,
informace,ynformácja,ynformacja,,,,
informatický,prögramaticznyj,prəgramatitʃːnyj,,,,
informatika,prögramácja,prəgramaːcja,,,,
informovat,inform’ovač,inform’ovatʃ,,,,
informovat,inform'ovač,inform'ovatʃ,,,,
informovat,prögramatovač,prəgramatovatʃ,,,,
iniciativa,yń'cjativą,yŋ'cjativɑ,,,,
iniciátor,yń'cjatithör,yŋ'cjatitθər,,,,
inicident,ynćydenth,yncːydɛnθ,,,,
inovace,inovącja,inovɑcja,,,,
inovační,inovącznyj,inovɑtʃnyj,,,,
inspektor,inspeqtúß,inspeqtuːsː,,,,
inspirace,ińßpiracja,iŋsːpiracja,,,,
inspirovat,ińßpirovač,iŋsːpirovatʃ,,,,
instalace,ińßtalacja,iŋsːtalacja,,,,
instalovat,ińßtalovač,iŋsːtalovatʃ,,,,
instintkt,ynßtynqt,ynsːtynqt,,,,
instituce,ynßtytucja,ynsːtytucja,,,,
instrukce,iństrukcja,iŋstrukcja,,,,
instruktor,iństruktczyk,iŋstrukttːyk,,,,
instrumentální,oruľnyj,oruʎnyj,,,,
integrace,yntëgracja,yntægracja,,,,
intelekt,intelëq't,intɛlæq't,,,,
intelektuál,intelëq'tłalczyk,intɛlæq'twaltʃːyk,,,,
intelektuální,intelëq'tłalnyj,intɛlæq'twalnyj,,,,
inteligence,inteligencja,intɛligɛncja,,,,
inteligentní,inteligentnyj,intɛligɛntnyj,,,,
interakce,yntherakcja,yntθɛrakcja,,,,
internacionalizmus,medžunacjonalsmús,mɛdʒunacjonalsmuːs,,,,
internacionální,medžunacjonalnyj,mɛdʒunacjonalnyj,,,,
internát,yńtërnáth,yŋtærnaːθ,,,,
internet,internët,itnɛrnæt,,,,
internetový,internëtovyj,intɛrnætovyj,,,,
internovat,inthërnovač,inθærnovatʃ,,,,
interpretace,pszemłúva,pʃːɛmwuːva,,,,
intervence,yńtervencja,yŋtɛrvɛncja,vmeszalka,vmɛʃːalka,,
intervenovat,yńtervenovač,yŋtɛrvɛnovatʃ,vmeszalkovač,vmɛʃːalkovatʃ,,
intezivní,intendzyvnyj,intɛdzyvnyj,,,,
intuice,intujicja,intujicja,,,,
invalida,dłokhodca,dwoʁodcja,qrÿp'l,qrʏp'l,bëj,bæj
invalidní důchod,dłokhodoq,dwoʁodoq,,,,
invalidní důchod,ynvaliđáq,ynvalidʒːaːq,,,,
invaze,bújqajovjaća,buːjqajovjacːa,,,,
invaze,invazja,invazja,,,,
investice,tlhaqacja,tlaqacja,,,,
investor,tlhaqacz,tɬaqatʃː,,,,
investovat,tlhaqač,tɬaqatʃ,,,,
inženýr,inżerňjer,inʒːerɲjɛr,,,,
inženýrství,inżerňjerstvo,inʒːarɲjɛrstvo,,,,
ion,joń,joŋ,,,,
iperium,ymperjółm,ymperjoːwm,,,,
iracionalismus,nelogyczno,nelogytʃːno,,,,
irácký,yrackyj,yrackyj,,,,
irák,yrak,yrak,,,,
írán,íran,iːran,,,,
íránský,íranskyj,iːranskyj,,,,
ironie,irońja,iroŋja,,,,
irsko,irlandth,irlanð,,,,
irský,irlandthskyj,irlanðskyj,,,,
islám,islám,islaːm,mamlúqija,mamluːqija,,
island,ißlandth,isːlanð,,,,
islandský,ißlandthskyj,isːlanðskyj,,,,
israel,jizrael,jizraɛl,,,,
izolace,iźolácja,izːlaːcja,,,,
izolovat,iźolovač,izːolovatʃ,,,,
izraelský,jizraelskyj,jizraɛlskyj,,,,
Já,Ja,ja,Ëjr,æjr,Áj,aːj
jablko,jablh'q,jabɬ'q,ap'el,ap'ɛl,,
jabloň,jablhoń,jabɬoŋ,,,,
jaderná elektrárna,jadrońqa,jadroŋqa,,,,
jadrný,jadorńyj,jadorŋyj,,,,
jádro,jëdro,jædro,ćentr,cːæntr,,
jahoda,jagűd,jagɯːd,,,,
jak,kak,kak,,,,
jakmile,kakomiło,kakomiwo,,,,
jako,ako,ako,,,,
jako,kako,kako,,,,
jakoby,akoby,akoby,,,,
jakoby,kako'b,kako'b,,,,
jakost,jakošč,jakoʃtʃ,sorta,sorta,,
jakostní,jakoščtňyj,jakoʃtʃtɲyj,,,,
jaký,kakyj,kakyj,,,,
jakýkoliv,jaqÿkolił,jaqʏkoliw,ßluczajnyj,sːlutʃːajnyj,,
jáma,jám,jaːm,,,,
jantar,buřsztün,buɽʃːtɯn,,,,
japonsko,nihonija,nihonija,,,,
japonský,nihonskyj,nihonskyj,,,,
jarmark,jarmëk,jarmæk,,,,
jařmo,jarzmo,jaɽmo,,,,
jas,jaß,jasː,,,,
jásavý,jaßavyj,jasːavyj,,,,
jasno,jaßno,jasːno,,,,
jasný,jásnyj,jaːsnyj,,,,
jazyk prvních lidí,budhót'n,budhoːt'n,,,,
jazyk,jëzyk,jæzyk,,,,
jazyk,recz,retʃː,,,,
jazykověda,jëzykobada,jæzykobada,,,,
jazykovědec,jëzykobadatel,jæzykobadatɛl,,,,
jazz,đëz,dʒːæz,,,,
je možné,możno,moʒːno,,,,
ječet,jeczač,jɛtʃ.atʃ,,,,
ječmen,jaczmëň,jatʃːmæɲ,,,,
jed,jadth,jað,őtrhava,əːtɾava,,
jeden druhého,jedańoj,jɛdaŋoj,,,,
jedenkrát,razkrač,razkratʃ,,,,
jedině,jedańo,jɛdaŋo,,,,
jediný podezřelý,ajleł,ajlɛw,,,,
jediný,jedynyj,jɛdynyj,,,,
jediný,razynyj,razynyj,,,,
jedna,raz,raz,,,,
jednak že,jedańak'ż,jɛdaŋyk'ʒː,,,,
jednak,jedańak,jɛdaŋak,,,,
jednoduše,prósto,proːsto,,,,
jednohlasný,razgłaßnyj,razgwasːnyj,,,,
jednolitý,mońolityj,moŋolitnyj,,,,
jednolitý,razrodthnyj,razðnyj,,,,
jednomyslně,razduszňje,razduʃːɲjɛ,,,,
jednomyslný,raznodusznyj,raznoduʃːnyj,,,,
jednomyslný,razovnyj,razovyj,,,,
jednostranný,raznoßtranyj,raznosːtranyj,,,,
jednostrunný,raznoßtrunyj,raznosːtrunyj,,,,
jednota,ceľošč,ceʎoʃtʃ,,,,
jednota,raznošč,raznoʃtʃ,,,,
jednotka (míra),jadthonqa,jaðonqa,,,,
jednotně,razgłoßno,razgwosːno,,,,
jednoznačný,jednozńacznyj,jednozŋatʃːnyj,,,,
jedovatý,jadthovnyj,jaðovnyj,,,,
jedoznačně,jednozńaczňje,jeɛdnozŋatʃːɲjɛ,,,,
jehla,igła,igwa,,,,
jehně,jagňja,jagɲja,,,,
jehněčí,jagňece,jagɲɛcɛ,,,,
jeho,jego,jɛgo,,,,
její,jej,jɛj,,,,
její,jü,jɯ,,,,
jekot,jekošč,jɛkoʃtʃ,,,,
jelen,jëlán,jælaːn,,,,
jelen,jelań,jɛlaŋ,,,,
jelikož,đepo,dʒːɛpo,,,,
jelito,jelitho,jɛliθo,,,,
jemen,jeman,jɛman,,,,
jemu,jemü,jɛmɯ,,,,
jen jsme,samo,samo,,,,
jen,ÿ’ba,ʏ’ba,,,,
jen,ÿ'ba,ʏ'ba,,,,
jenž,jonż,jonʒː,,,,
jeřáb (pták),ż’rjał,ʒːrjaw,,,,
jeřáb (pták),ż'rjał,ʒːrjaw,,,,
jeřáb,zdvych,zdvyx,,,,
jeskyně,jesqyňa,jɛsqyɲa,qaj'ł,qaj'w,,
jestli,czy,tʃːy,,,,
jestřáb,jastrzá'b,jastɽaː'b,,,,
ještě,iszczjo,iʃːtʃːjo,,,,
ještěrka,jašczurka,jaʃtʃːurka,,,,
jet,jechač,jexatʃ,,,,
jet,jekhač,jɛʁatʃ,,,,
jevit se,javič sa,javitʃ sa,,,,
jezdit,ježđyč,jeʒdʒːytʃ,,,,
jezero,jezjoro,jɛzjoro,,,,
jí,iji,iji,,,,
jídelna,jëdáłňa,jædaːwɲa,,,,
jídlo,jëdlo,jædlo,,,,
jih,jug,jug,,,,
jich,ich,ix,,,,
jinak,inacz,inatʃː,,,,
jinak,ińaq,iŋaq,,,,
jinak,ińokak,iŋokak,,,,
jindy,ińogdá,iŋogdaː,,,,
jiné,ińe,iŋɛ,ińokake,iŋokakɛ,,
jiné,jinë,jinæ,,,,
jiní,jóńy,joːŋy,,,,
jiný,drugyj,drugyj,,,,
jiný,ińyj,iŋyj,,,,
jiný,ińyj,iŋyj,ińokakij,iŋokakij,,
jiskra,ißqra,isːqra,,,,
jíst,jedač,jɛdatʃ,,,,
jíst,jëdlač,jædlatʃ,,,,
jistota,bedzbëdnošč,bɛdzbædnoʃtʃ,,,,
jistý,ißtyj,isːtyj,,,,
jít,íďič,iːɖitʃ,,,,
jít,išč,iʃtʃ,,,,
jitrnice,jitarňyća,jitarɲycːa,,,,
jízda,jaźda,jazːda,,,,
jižní amerika,jużna amërikha,juʒːna amæriʁa,,,,
jmelí,imelho,imɛɬo,,,,
jméno po otci,imje,imjɛ,,,,
jméno,ime,ime,imja,imja,imeňi,imeɲi
jméno,ímja,iːmja,,,,
jogurt,jogürth,jogɯrθ,,,,
jordánsko,jodranja,jordanja,,,,
jordánský,jordanskyj,jordanskyj,,,,
jubileum,jubylełm,jubylɛwm,,,,
judaizmus,judeajismus,judɛajismus,,,,
jugoslavan,jugoslavczyk,jugoslavtʃːyk,,,,
jugoslavie,jugoslavja,jugoslavja,,,,
junák,jünákh,jɯnaːʁ,,,,
junior,jünjor,jɯnjor,,,,
jurisdikce,jüryßdÿqcja,jɯrysːdʏqcja,,,,
justice,justycja,justycja,,,,
k,qa,qa,,,,
kabinet,gab'nëdth,gab'næð,,,,
kadeřník,úczesňykh,uːtʃːɛsɲyʁ,,,,
kafe,kafo,kafo,,,,
kachna,pątka,pɑtka,,,,
kakao,kaqąo,kaqɑo,,,,
kamarád s výhodami,qła,qwa,,,,
kamarádka s výhodami,kła,kwa,,,,
kámen,qamjeň,qamjɛɲ,,,,
kampaň,qampaň,qampaɲ,,,,
kampus,qampúß,qampuːsː,,,,
kancelář,bjúro,bjuːro,,,,
kancelář,ofjar,ofjar,,,,
kancelářská krysa,ofjarek,ofjarɛk,,,,
kaňon,jar,jar,,,,
kapalina,tekučka,tɛkutʃka,teknučka,tɛknutʃka,,
kapesník,šňúptykhł,ʃɲuːptyʁw,,,,
kapitola,głúva,gwuːva,,,,
karafa,qaraf,qaraf,,,,
kaučuk,qałczukh,qawtʃːuʁ,,,,
káva,kao,kao,,,,
kaviár,qavjár,qavjaːr,,,,
každý,khaždyj,ʁaʒdyj,,,,
kde jste,gde'byč,gdɛ'bytʃ,gdže'byč,gdʒɛ'bytʃ,gđe'byč,gdʒːɛ'bytʃ
kde,gde,gdɛ,gdže,gdʒɛ,gđe,gdʒːɛ
kdo,kto,kto,,,,
kdokoliv,ktokolvëk,ktokolvæk,,,,
kdykoli,kedthykoľvëq,kɛðykoʎvæq,,,,
když,keđo,kɛdʒːo,,,,
kebab,qebab,qɛbab,,,,
kedlubna,qalëráb,qalæraːb,,,,
kelt,gaeł,gaɛw,,,,
keltský,gaełskyj,gaɛwskyj,,,,
keramika,kameňyna,kamɛɲyna,,,,
klam,qlham,qɬam,,,,
klamný,qlhamnyj,qɬamnyj,,,,
klec,glheč,gɬɛtʃ,,,,
klobuk,qlhobóq,qɬoboːq,,,,
klub,qlub,qlub,,,,
kmitočet,ßÿn’sojdzeng,sːʏn’sojdzɛng,frëkvencja,frækvɛncja,,
kmitočet,ßÿn'sojdzeng,sːʏn'sojdzɛng,frëkvencja,frækvɛncja,,
knajpa,qńajp,qŋajp,,,,
kniha,kňíga,kɲiːga,,,,
kniha,kňiga,kɲiga,,,,
knihovna,kňigovna,kɲigovna,,,,
knihovník,kňigovniczyk,kɲigovnitʃːyk,,,,
kníže,knëzóla,knæzoːla,,,,
kníže,ló‘d,loː‘d,,,,
kočka,kóška,koːʃka,,,,
kočka,maczka,matʃːka,kóška,koːʃka,,
koitus,qojtuß'interuqtus,qojtusː'intɛruqtus,,,,
koláč,qolacz,qolatʃ,,,,
kolik,kosztoł,kaʃːtow,,,,
kolik,skoľko,skoʎko,skiľko,skiʎko,,
komando,qömandtho,qəmanðo,,,,
komunismus,qomunysmús,qomunysmuːs,qomołsmús,qomowsmuːs,qos,qos
komunista,qomunús,qomunuːs,qomołsz,qomowʃː,qom,qom
komunistické sídlo,qomunistčkoj,qomunisttʃkoj,qokos,qokos,qolh,qoɬ
kontrast,qontrasth,qontrasθ,,,,
konvice,czaňiq,tʃːaɲiq,,,,
konzerva,qonzerva,qonzerva,,,,
konzervatizmus,qonzervatízmús,qonzervatiːzmuːs,,,,
kopat,qűpač,qɯːpatʃ,,,,
koreknost,kokheqtńošč,koʁeqtŋoʃtʃ,,,,
korektnost,qorąńosšč,qorɑŋosʃtʃ,qorąnopiczkošč,qorɑnopitʃːkoʃtʃ,,
koření,korëňje,koræɲjɛ,,,,
kost,goszč,goʃːtʃ,,,,
kost,gošč,goʃtʃ,,,,
kostel,kosčjol,kostʃjol,bogoł,bogow,,
kouřit (tabák),fajczič,fajtʃːitʃ,,,,
kousat,qüßač,qɯsːatʃ,,,,
kousek,kúšczeq,kuːʃtʃːɛq,,,,
kouzlo,qúzło,quːzwo,,,,
kožešina,futro,futro,,,,
kožešina,kożuszyna,koʒːuʃːyna,,,,
kraj,krąj,krɑj,,,,
král,krúł,kruːw,,,,
královna,krúłevića,kruːwevicːa,,,,
království,koroľevstvo,koroʎɛvstvo,,,,
krám,qrąm,qrɑm,,,,
krást,qraszč,qraʃːtʃ,,,,
kreativita,kheathyvita,ʁɛaθyvita,,,,
krev,kŕv,krːv,,,,
krevní tlak,kriťisq,kriʈisq,,,,
kriminál,qrim,qrim,háreszt,haːreʃːt,vëdzeňje,vædzɛɲjɛ
kriminalistika,qrimünalystykha,qrimɯnawystyʁa,,,,
krize,khrizja,ʁrizja,,,,
krk,karq,karq,,,,
krvinka,kŕvňića,krːvɲicːa,,,,
křest,chřszčesč,xɽʃːtʃɛstʃ,,,,
křesťan,katovjeć,katovjɛcː,,,,
křesťanství,katovstvo,katovstvo,,,,
křiklavý,křikłavyj,kɽikwavyj,,,,
křtení,chřszčeňje,xɽʃːtʃɛɲjɛ,,,,
křtít,chřszčyč,xɽʃːtʃytʃ,,,,
které nikgo,kterëgo,ktɛrægo,,,,
který,kteryj,ktɛryj,,,,
kudy,ińokudá,iŋkudaː,ińps'udá,iŋps'udaː,,
kufr,bagażića,bagaʒːicːa,qüfekh,qɯfeʁ,,
kuchař,varzczyk,vaɽːtʃːyk,,,,
kuře,kÿrcza,kʏrtʃːa,,,,
kvalitní,jakoščtnyj,jakoʃtʃtnyj,qvalytëta,qvalytæta,,
květ,kvjat,kvjat,,,,
květen,máj,maːj,,,,
kvůli,kalaqa,kalaqa,,,,
kyndžál,kündžáł,kɯndʒaːw,,,,
kypr,cyprúß,cypruːsː,,,,
kytara,gitár,gitaːr,,,,
kytice,bukjeth,bukjɛθ,,,,
láhev,buthelića,buθɛlicːa,fľasza,fʎaʃː,,
láhev,flasza,flaʃːa,,,,
lahvička,flaqoń,flaqoŋ,,,,
lak,łaq,waq,,,,
lanová dráha,funiqüler,funiqɯlɛr,,,,
láska,ľubof,ʎubof,,,,
latinka,lathing,laθing,,,,
latinka,laťinyća,laʈinycːa,,,,
lebka,czašqa,tʃːaʃqa,golhgotha,goɬgoθa,,
leč,goń,goŋ,,,,
leden,janłár,janwaːr,,,,
lední hokej,ľihoqëj,ʎihoqæj,,,,
lék,lik,lik,,,,
lék,vra,vra,lap,lap,,
lékárna,apťëqa,apʈæqa,,,,
lékárník,likarňiczyk,likarɲitʃːyk,,,,
lékař,vracz,vratʃː,lapdukh,lapduʁ,,
lekce,lekcja,lɛkcja,,,,
lesklý,blhyszcznyj,bɬyʃːtʃːnyj,,,,
létat,ľeczjač,ʎætʃːjatʃ,,,,
leukemie,lełkémja,lewkeːmja,,,,
liberál,lÿberáł,lʏbɛraːw,lÿbkosz,lʏbkoʃː,,
liberální,lÿberáłnoj,lʏbɛraːwnoj,lÿbkoszofnoj,lʏbkoʃːofnoj,,
libra,półdth,poːwð,,,,
lid,ľud,ʎud,,,,
lidé,ľudé,ʎudɛː,,,,
lidi,ľude,ʎude,,,,
lidský rod,čovjeczestvo,tʃovjɛtʃːestvo,,,,
lidství,čoveczenstvo,tʃovɛtʃːɛnstvo,,,,
límec,ľamëć,ʎamæcː,,,,
listopad,november,novɛmbɛr,,,,
literatura,ľytëratúras,ʎytæratuːras,,,,
lobby,lhobÿ,ɬobʏ,,,,
lokace,lokhus,loʁus,,,,
loupež,grabjeż,grabjɛʒː,,,,
loutková vláda,vla’marjonete,vla’marjnɛtɛ,,,,
loutková vláda,vla'marjonete,vla'marjnɛtɛ,,,,
má,mé,mɛː,,,,
maličkost,bagačkošč,bagatʃkoʃtʃ,,,,
malíř,gaqa,gaqa,,,,
Máma,Mamą,mamɑ,,,,
Máma,Mamą,mamɑ,Mámka,maːmka,Mamásza,mamaːʃːa
Maminka,milf,milf,,,,
Maminka,milf,milf,Milfa,milfa,Milfqa,milfqa
manžel,muž,muʒ,,,,
manžel,muž,muʒ,mjaž,mjaʒ,mjoż,mjoʒː
manželka,żoňa,ʒːoɲa,,,,
manželka,żoňa,ʒːoɲa,žeňa,ʒɛɲa,qła’pla,qwa’pla
manželka,żoňa,ʒːoɲa,žeňa,ʒɛɲa,qła'pla,qwa'pla
maršál,marđáł,mardʒaːw,,,,
maschismus,má’d,maː’d,,,,
maschismus,má'd,maː'd,,,,
maso,mëso,mæso,,,,
masový,mjasovyj,mjasovyj,,,,
maškarní bál,szaškocz,ʃːaʃkotʃː,,,,
matka,maťër,maʈær,,,,
matka,maťër,maʈær,,,milf,milf
matrice,mątrica,mɑtrica,,,,
maturita,matüritae,matɯritaɛ,,,,
meč,skáld,skaːld,,,,
melncholie,mëlańchólja,mælaŋxoːlja,,,,
měsíc (družice),luna,luna,,,,
měsíc,lungod,lungod,mesjacgod,mɛsjacgod,,
Město,Tenoh’tlh,tɛnoh’tɬ,Mësto,mæsto,Łab’đa,wab’dʒːa
Město,Tenoh'tlh,tɛnoh'tɬ,,,,
Město,Tenoh'tlh,tɛnoh'tɬ,Mësto,mæsto,Łab'đa,wab'dʒːa
mezera,međera,mɛdʒːɛra,,,,
mezi,mëdzi,mædzi,,,,
mezi,medžu,mɛdʒu,,,,
mezislovanština,međuslovjanski,medʒːuslovjanski,,,,
mezitím,medžutego,mɛdʒutɛgo,,,,
mi,qalh,qaɬ,,,,
míč,mjúcz,mjuːtʃː,,,,
míchačka na beton,bëthoňjarka,bæθoɲjarka,,,,
milenka,deća,dɛcːa,ku’a,ku’a,,
milenka,deća,dɛcːa,ku'a,ku'a,,
milión,miljon,miljon,,,,
milovat,kochač,koxatʃ,,,,
milovat,ľubič,ʎubitʃ,,,,
milovat,ľubošč,ʎuboʃtʃ,,,,
ministr,münstŕ,mɯnstrː,,,,
minulý,przjodoszlyj,pɽːjodoʃːlyj,,,,
místo,lokhus,loʁus,,,,
místo,polaźna,polazːna,,,,
míšenec,qonlháj,qonɬaːj,,,,
mít,mač,matʃ,,,,
mít,moč,motʃ,,,,
mládě,pülhe,pɯɬɛ,,,,
mladík,moloďec,moloɖɛc,,,,
mlčení,cz’szëňje,tʃː’ʃːæɲjɛ,,,,
mlčení,cz'szëňje,tʃː'ʃːæɲjɛ,,,,
mluvit,młúvič,mwuːvitʃ,,,,
mnoho,dużo,duʒːo,bołszo,bowʃːo,,
mnoho,mnogo,mnogo,,,,
moct,moč,motʃ,,,,
mohyla,mogylha,mogyɬa,,,,
moje,moe,moɛ,,,,
mokrý,łetlyj,wɛtlyj,,,,
mol,mölh,məɬ,,,,
molo,márina,maːrina,,,,
moment,mołmenth,mowmenθ,,,,
moment,mołmenth,mowmenθ,moment,moment,momente,momɛntɛ
monopol,monopolh,monopoɬ,,,,
morálka,morálhqa,moraːɬqa,,,,
morfologie,mőrfąlogja,məːrfɑlogja,,,,
moře,morë,moræ,,,,
mořské dno,mńo,mŋo,,,,
moudrý člověk,budhó,budhoː,,,,
mozek,mozog,mozog,mozgoveň,mozgovɛɲ,,
mrak,mróq,mroːq,,,,
mramor,mkhamorh,mʁamoɾ,,,,
muset,müšč,mɯʃtʃ,,,,
muzika,muzyqa,muzyqa,hudzba,hudzba,,
Muž,Mjeżczÿžna,mjɛʒːtʃːʏʒna,,,,
Muž,Mjeżczÿžna,mjɛʒːtʃːʏʒna,Maž,maʒ,Müż,mɯʒː
může být,może,moʒːɛ,,,,
my,mé,mɛː,,,,
My,Mé,mɛː,Ë’mé,æ’mɛː,Imé,imɛː
My,Mé,mɛː,Ë'mé,æ'mɛː,Imé,imɛː
mycí houba,gąbka,gɑbka,,,,
mylně,blhëđňje,bɬædʒːɲjɛ,ňjespravedłyvo,ɲjɛsravedwyvo,,
mylně,fąlszÿvo,fɑlʃːʏvo,,,,
mysl,duszka,duʃːka,,,,
myslet,dúmač,duːmatʃ,,,,
myslet,myszleč,myʃːlɛtʃ,,,,
myšlenka,mÿsao,mʏsao,,,,
na shledanou (do telefonu),dzosłuszanego,dzoswuʃːanɛgo,,,,
na,ńa,ŋa,,,,
nabíjecí dok,dó,doː,,,,
nacismus,názÿsmús,naːzʏsmuːs,,,,
nacista,názÿ,naːzʏ,,,,
načítání ,sörh‘ňje,səɾ‘ɲjɛ,,,,
načítat,sörh‘č,səɾ‘tʃ,,,,
nadace,fundacja,fundacja,,,,
nade,ü’be,ɯ’be,,,,
nade,ü'be,ɯ'be,,,,
nade,übe‘kh,ɯbɛ‘ʁ,,,,
naděj,nád’a,naːd’a,,,,
naděj,nád'a,naːd'a,,,,
naděje,nadžeja,nadʒɛja,,,,
nádor,gudz,gudz,ń'dor,ŋ'dor,qëć'rh,qæcː'ɾ
nahrát,lód‘č,loːd‘tʃ,,,,
nájemník,ďëržactvo,ɖærʒactvo,,,,
nákladní auto,nákłądz’q,naːkwɑdz’q,,,,
nákladní auto,nákłądz'q,naːkwɑdz'q,,,,
náklonost,nákłonošč,naːkwonoʃtʃ,,,,
nálada,nąlodza,nɑlodza,,,,
nálada,radzlożeňje,radzloʒːɛɲjɛ,,,,
nám,ném,nɛːm,,,,
námaha,namaga,namaga,,,,
náročné na energii,eńergokhłońyj,ɛŋɛrgoʁwoŋyj,,,,
národ,naćja,nacːja,,,,
národ,naríd,nariːd,,,,
národ,naród,naroːd,,,,
národnost,nacjonalnošč,nacjonalnoʃtʃ,,,,
narozeniny,imeňiny,imeɲiny,,,,
nás,nasz,naʃː,,,,
nasedat,davajsudač,davajsudatʃ,,,,
nashledanou,dovidzeňja,dovidzɛɲja,,,,
násilí,głaltovaňje,gwaltovaɲjɛ,,,,
násilný,głaltovanyj,gwaltovanyj,,,,
následek,ńąßlëdoq,ŋɑsːlædoq,,,,
nastavit,naštavič,naʃtavitʃ,,,,
nástraha,firacz,firatʃː,,,,
náš,nász,naːʃː,,,,
natáčet,ejgovač,ɛjgovatʃ,,,,
natáčet,fiľmovač,fiʎmovatʃ,,,,
nazdar (při loučení),sajonarae,sajonaraɛ,,,,
nazdar,ser’úß,ser’uːsː,,,,
nazdar,ser'úß,ser'uːsː,,,,
nazdraví,názdravjë,naːzdravjæ,,,,
nazvat,imjač,imjatʃ,,,,
ne,ňë,ɲæ,,,,
ně,ňo,ɲo,,,,
neb jsou,zanzëjin,zanzæjin,,,,
neb,ńeb,ŋɛb,,,,
neb,záń,zaːŋ,,,,
nebe,ňjebo,ɲjɛbo,,,,
nebesa,ňjebeßa,ɲjɛbɛsːa,,,,
nebezpečný,ňjeseqúrytnyj,ɲjɛsɛquːrytnyj,,,,
nebo jak,iľe,iʎɛ,,,,
nebo,ile,ilɛ,,,,
nebo,ily,ily,,,,
něco jiného,ňysztő,ɲyʃːtəː,,,,
něco přikázat,przykazaczač,pɽykazatʃːatʃ,,,,
něco,ňyszto,ɲyʃːto,,,,
něčí,ňëczoj,ɲætʃːoj,,,,
nedostatek,ňjedos’dthathoq,ɲjɛdos’ðaθoq,,,,
nedostatek,ňjedos'dthathoq,ɲjɛdos'ðaθoq,,,,
nedvěra,ňjevereňje,ɲjɛvɛrɛɲjɛ,,,,
nefungovat,ňjefungovač,ɲjɛfungovatʃ,nakoqoth‘č,nakoqoθ‘tʃ,gajzl‘č,gajzl‘tʃ
negramotnost,ňjemódrošč,ɲjɛmoːdroʃtʃ,,,,
nehlučný,ňjeglúcznyj,ɲjɛgluːtʃːnyj,,,,
nehotový,ćofnačnyj,cːofnatʃnyj,,,,
nechť,neszč,nɛʃːtʃ,,,,
nejvíce,najvjaczej,najvjatʃːɛj,,,,
někdo jiný,necz’j,nɛtʃː’j,,,,
někdo jiný,necz'j,nɛtʃː'j,,,,
někdy,czasöm,tʃːasəm,,,,
někdy,povremeno,povrɛmɛno,,,,
někteří,ňjektoryj,ɲjɛktoryj,,,,
němec,ňemeć,ɲɛmɛcː,skopszisqo,skopʃːisqo,nácko,naːcko
německo,gjermanja,gjɛrmanja,,,,
německý ovčák,ołczyc,owtʃːyc,,,,
nemoc,boľ,boʎ,,,,
nemoc,choroba,xoroba,,,,
nemocnice,boľňyca,boʎɲyca,lapdukhoł,lapduʁow,,
nemocný,choryj,xoryj,,,,
není,ňeňe,ɲɛɲɛ,,,,
nepodmíněný,bedzpođmińkyj,bɛdzpodʒːmiŋkyj,,,,
nepohodlný,ňjepogodolhnyj,ɲjɛpogodɬnyj,,,,
nepochybně,vątpëňjo,vɑtpæɲjo,,,,
nepořádek,ňjeporjadoq,ɲjɛporjadoq,,,,
nepřetržitě,ňjeprerivno,ɲjɛprɛjivno,,,,
nepřetržitý,ňjeprerivnyj,ɲjɛprɛrivnyj,,,,
nepřítel,ňjedrug,ɲjɛdrug,,,,
neslovanský,ňjeslavskyj,ɲjɛslavskyj,,,,
nesmysl,ňjesmeseľ,ɲjɛsmɛseʎ,qravina,qravina,,
nesmyslnost,ňjesensnošč,ɲjɛsɛnsnoʃtʃ,,,,
nesobecký,ňjesobeckyj,ɲjɛsobɛckyj,,,,
nesporné,bedzsory,bɛdzsory,,,,
nesporné,bedzßpüryj,bɛdzsːpɯryj,,,,
nesprávný,blhëđnyj,bɬædʒːnyj,,,,
nést,gňešč,gɲɛʃtʃ,,,,
neúrodný,ňjevúrodnyj,ɲjɛvuːrodnyj,,,,
neuvést,ňjełúveđ‘č,ɲjɛwuːvɛdʒː’tʃ,,,,
neuvést,ňjełúveđ‘č,ɲjɛwuːvɛdʒː'tʃ,,,,
nevěstinec,słapkoł,swapkow,bokhdoł,boʁdow,gampëjdz,gapæjdz
nezvěstný,bedzvëstnyj,bɛdzvæstnyj,,,,
než,ng’me,ng’me,,,,
než,ng'me,ng'me,,,,
něžnost,njeżnošč,njɛʒːnoʃtʃ,,,,
nic,ňyszto,ɲyʃːto,,,,
ničí,ňyczto,ɲytʃːto,,,,
ničit,ńyczyč,ŋytʃːytʃ,,,,
nikam,ňikuda,ɲikuda,,,,
nikdo,ňükudá,ɲɯkudaː,,,,
novinář,gazétár,gazeːtaːr,,,,
noviny,gaźeta,gazːɛta,,,,
noviny,gazéte,gazɛːtɛ,,,,
noviny,gazete,gazɛte,deňykh,,,
nový,nłovyj,nwovyj,,,,
nuda,dthősadza,ðəːsadza,,,,
nůž,noż,noʒː,qudła,qudwa,kynđáł,kyndʒːaw
o,qe,qɛ,,,,
obětavost,objetavošč,objɛtavoʃtʃ,,,,
obchod,đrhej’d,dʒːɾɛj’d,,,,
obchod,đrhej'd,dʒːɾɛj'd,,,,
oblíbenec,uľjubimeczyk,uʎjubimetʃːyk,,,,
obočí,oboczjë,obotʃːjæ,,,,
obvaz,bandaża,bandaʒːa,,,,
obvod,őbvodz,əːbvodz,,,,
ocel,staľ,staʎ,,,,
ocenit,öćeńyč,əcːɛŋytʃ,,,,
ocenit,prajzovač,prajzovatʃ,,,,
očko,oczycë,otʃːycæ,,,,
očkování,óczkovaňje,oːtʃːkovaɲjɛ,,,,
od,ot,ot,,,,
odbočit,blhąđič,bɬɑdʒːitʃ,,,,
oddělení,đjał,dʒːjaw,,,,
odmítnutí,odbijaňje,odbijaɲjɛ,,,,
odpustit,ődpušczyč,əːdpuʃtʃːytʃ,,,,
odstoupení,cesja,cɛsja,,,,
odvolání,ödvolaňje,ədvolaɲjɛ,,,,
odvolat,ödvolač,ədvolatʃ,,,,
Oheň,Ógeň,oːgɛɲ,,,,
ohřívač,ogrzyvač,ogɽyvatʃ,,,,
ochota,chëťňje,xæʈɲjɛ,,,,
ochotný,chëťnyj,xæʈnyj,,,,
ochránit,ochraňič,oxraɲitʃ,,,,
ochranka,seqúritae,sɛquːritaɛ,,,,
okamžitě,oqamżydtho,oqamʒːyðo,ßofört,sːofərt,,
okno,aqnó,aqnoː,,,,
oko,oqo,oqo,,,,
okres,rajoń,rajoŋ,,,,
olovo,plum’b,plum’b,,,,
olovo,plum'b,plum'b,,,,
olympijské hry,olympigry,olympigry,,,,
omezení,omądzëňje,omɑdzæɲjɛ,,,,
On,Ő,əː,Üb,ɯb,Ich,ix
Ona,Őn,əːn,Üba,ɯba,Icha,ixa
Oni,Űno,ɯːno,Í’mé,iːmɛː,Eamé,ɛamɛː
Oni,Űno,ɯːno,Í'mé,iːmɛː,Eamé,ɛamɛː
Ono,Őno,əːno,Übë,ɯbæ,Iche,ixɛ
opětovné připojení,oczepyć,otʃːɛpycː,,,,
opevnění,őpëvňeňje,əːpævɲɛɲjɛ,,,,
opilec,khoć,ʁocː,,,,
opilost,khoćovińa,ʁocːovinːa,,,,
opilý,khoćyj,ʁocːyj,,,,
opona,őpona,əːpona,,,,
optimismu,opthimiźam,opθimizːam,,,,
osaměost,usamłenošč,usamwenoʃtʃ,,,,
oslava,őßlava,əːsːlava,,,,
oslavovat,słavič,swavitʃ,prąsłavič,prɑswavitʃ,,
osm,vos‘m,vos‘m,,,,
osoba,përßoń,pærsːoŋ,,,,
ostatní,zbütok,zbɯtok,,,,
ostražitost,őstrażtošč,əːstraʒtoʃtʃ,,,,
ostražitý,őstrażtyj,əːstraʒtyj,,,,
osud,suďba,suɖba,,,,
osvěta,osvëta,osvæta,,,,
otec,ojczeč,ojtʃːɛtʃ,,,,
otrava (osoba),droczkaczyk,drotʃːkatʃːyk,,,,
otravovat,dzeßráč,dzɛsːraːtʃ,ßráč,sːraːtʃ,,
ovšem,ővszom,əːvʃːom,,,,
pako,paqą,paqɑ,,,,
palety,brłóg,brwoːg,,,,
pán,qłećalkoatlh,qwɛcːalkoatɬ,,,,
panenství,đevinstvo,dʒːɛvinstvo,,,,
paní,qłećalkoatlhića,qwɛcːalkoatɬicːa,,,,
panic,małczyk,mawtʃːyk,,,,
panictví,małczystvo,mawtʃːystvo,,,,
panika,pąňika,pɑɲika,,,,
panna,đevina,dʒːɛvina,,,,
pasivní,bjernyj,bjɛrnyj,,,,
penis,pýn‘dz,pyːn‘dz,,,,
peníze,khesef,ʁɛsef,këš,kæʃ,prakhće,praʁcːɛ
perecedens,prëcedenź,præcedenzː,,,,
pero,pjeło,pjewo,,,,
pes,paß,pasː,sobáqa,sobaːqa,,
pes,sabáqa,sabaːqa,,,,
pět,pjač,pjatʃ,,,,
pěvecký sbor,khúr,ʁuːr,,,,
pigment,pygmën’th,pygmæn’θ,,,,
pigment,pygmën'th,pygmæn'θ,,,,
píchat,püchač,pɯxatʃ,,,,
pilíř,opőna,opəːna,,,,
pilíř,qolońa,qoloŋa,,,,
písmo,búkva,buːkva,,,,
písmo,ëjqon,æjqon,búkvofka,buːkvofka,,
písmo,ľitërae,ʎitæraɛ,,,,
pistol,púszqa,puːʃːqa,bołkhajdzą,bowʁajdzɑ,,
pitná voda,voďica,voɖica,,,,
pivo,bÿr,bʏr,,,,
placka,płaćyta,pwacːyta,,,,
plán (bojový),bojovqa,bojovqa,,,,
plán (harmonogram),plhań,pɬaŋ,,,,
planeta,plhanétes,pɬaneːtes,,,,
plech na pečení,peczjönqa,pɛtʃːjənqa,,,,
plemeno,plhemëńo,pɬɛmæŋo,,,,
plezír,pľezýr,pʎɛzyːr,,,,
plodit,plođyč,plodʒːytʃ,,,,
plyn,gaßa,gasːa,,,,
plyn,płyn,pwyn,,,,
plynovod,gaßavod,gasːovod,,,,
počet,graf,graf,,,,
počítačový program,prográm,prograːm,,,,
počítačový virus,łyrus,wyrus,,,,
počítat,grafač,grafatʃ,,,,
počkat,poďeržáč,poɖɛrʒaːtʃ,,,,
podezřelý,podzeźrzełyj,podzɛzːɽːɛwyj,,,,
podezřívat,podzezżyvač,podzɛzʒːyvatʃ,,,,
podívaná,pođÿvańa,podʒːʏvaŋa,,,,
podnět,ympulh’ź,ympuɬ’zː,,,,
podnět,ympulh'ź,ympuɬ'zː,,,,
podnik,podňyq,podɲyq,,,,
podpora,podpőra,podpəːra,,,,
podtatné jméno,adverbum,advɛrbum,,,,
podzim,ješeň,jɛʃɛɲ,,,,
pohanka,greczka,grɛtʃːka,,,,
pohoří,gúrëce,guːræcɛ,đabalh’ce,dʒːabaɬ’cɛ,,
pohoří,gúrëce,guːræcɛ,đabalh'ce,dʒːabaɬ'cɛ,,
pohostinost,gošczynošč,goʃtʃːynoʃtʃ,,,,
pohřeb,kerch,kerx,,,,
pohřeb,kerch,kerx,fünúß,fɯnuːsː,,
pochopit,pokhopyč,poʁopitʃ,,,,
pochybnost,šümňa,ʃɯmɲa,,,,
pokora,szumnošč,ʃːumnoʃtʃ,,,,
pokousání,ugraźňje,uhrazːɲjɛ,,,,
pokrytectví,lićemërje,licːɛmærjɛ,,,,
pokřikovat,pokrzykovač,pokɽːykovatʃ,,,,
pokud jde o,poqjaľ,poqjaʎ,,,,
pokud,pokjał,pokjaw,,,,
pokus,poqÿß,poqʏsː,,,,
pokušení,poqüszeňje,poqɯʃːɛɲjɛ,,,,
pól,púl,puːl,,,,
polák ,poľak,poʎak,lakh,laʁ,maźurek,mazːurɛk
polibek,cëluj,cæluj,,,,
polibek,poľobać,poʎobacː,boßq,bosːq,,
policie,policja,policja,,,,
policie,policja,policja,fyzlißqo,fyzlisːqo,czmuqał,tʃːmuqaw
politická korektnost,połkokheqtńošč,powkoʁɛwtŋoʃtʃ,,,,
politik,politíq,politiːq,,,,
politika,politíkh,politiːʁ,,,,
položit,połožyč,powoʒːytʃ,,,,
polština,polski,polski,,,,
popalch,trëvogą,trævogɑ,,,,
popíjet,chłąßtač,xwɑsːtatʃ,,,,
porážka,p’raź,p’raz,,,,
porážka,p'raź,p'raz,,,,
porotce,suďňyk,suɖɲyk,,,,
porpsí,prßňíq,prsːɲiːq,,,,
posádka,pošidka,poʃidka,,,,
postavit,poštavi’č,poʃtavi’tʃ,,,,
postavit,poštavi'č,poʃtavi'tʃ,,,,
postižený,poščyżenyj,poʃtʃyʒːɛnyj,zkr’pľenyj,zkr’pʎɛnyj,,
postižený,poščyżenyj,poʃtʃyʒːɛnyj,zkr'pľenyj,zkr'pʎɛnyj,,
posvětit,pošvjeczyč,poʃvjɛtʃːytʃ,,,,
potenciál,iskrnošč,iskrnoʃtʃ,,,,
potřeba,porzebą,poɽːɛbɑ,,,,
pouta,putá,putaː,,,,
používat,pÿżivač,pʏʒːivatʃ,,,,
povstalec,povstaňjeć,povstaɲjɛcː,,,,
povstání,povstaňje,povstaɲjɛ,bünth,bɯnθ,,
povýšení,povyszeňje,povyʃːɛɲjɛ,,,,
poznámka,pödznáqaja,pədznaːqaja,,,,
pozor,opaßna,opasːna,,,,
požehnání,pożegnaňje,poʒːɛgnaɲjɛ,,,,
požírat,pożarač,poʒːatatʃ,,,,
práce,rabota,rabota,praća,pracːa,pracja,pracja
Práce,Robódtha,roboːða,,,,
Práce,Robódtha,roboːða,Robóta,roboːta,Roboto,roboto
pracovník,džjelatelczyk,džjɛlatɛltʃːyk,,,,
praktika,prhąqtiq,pɾɑqtiq,,,,
praktikant,praqthykhant,praqθyʁant,,,,
prapor,fľág,fʎaːg,,,,
právník,jurisczyk,juristʃːyk,,,,
právo,gÿźyn,gʏzːyn,,,,
právo,juris,juris,,,,
pravoslavný,c’rkevnoslovjanskyj,c’rkɛvnoslovjanskyj,,,,
pravoslavný,c'rkevnoslovjanskyj,c'rkɛvnoslovjanskyj,,,,
pravý,ëkht,æʁt,,,,
premiér,münmekh,mɯnmeʁ,,,,
prezentace,prązentacja,prɑzɛntacja,,,,
pro,för,fər,,,,
probudit,pröbëđječ,prəbædʒjɛtʃ,,,,
proč být,dlhaczegobyč,dɬatʃɛgobytʃ,,,,
proč,czego,tʃːɛgo,,,,
proč,dlhaczego,dɬatʃɛgo,,,,
prodat,prődáč,prəːdaːtʃ,,,,
prodavač,prődávjeczyk,prəːdaːvjɛtʃːyk,,,,
profesionální,pröfesjonálnyj,prəfɛsjonaːlnyj,,,,
program,ałdycja,awdycja,,,,
programátor,prögramáthör,prəgramaːθor,,,,
prolog,prőlog,prəːlog,,,,
promoklý,pröłetlyj,prəwɛtlyj,,,,
pronásledovat,prönásledovač,prənaːslɛdovatʃ,,,,
propadnout,zakoloč,zakolotʃ,proľiťeč,proʎiʈɛtʃ,,
propadnout,zaqołoč,zaqowotʃ,,,,
prosinec,dećember,dɛcːɛmbɛr,,,,
protein,bjałko,bjawko,,,,
protože,bo,bo,prëto,præto,,
prozíravý,pőglednyj,pəglɛdnyj,,,,
prozkouávat,öbßlëdovač,əbsːlædovatʃ,,,,
Prsa,Qarada,qarada,,,,
Prsa,Qarada,qarada,Karada,karada,,
Průšvih,Đordže,dʒːordʒe,,,,
Průšvih,Đordže,dʒːordʒe,Pröszvig,prəʃːvig,,
průtok,tekočka,tɛkotʃka,,,,
první lidé,budhót,budhoːt,,,,
prznitel,pizďosz,pizɖoʃː,khuj,ʁuj,koqo,koqo
přát,przáč,pɽːaːtʃ,,,,
přátelství,prjaťeľstvo,prjaʈɛʎstvo,,,,
přehled,pżëgledz,pʒːægledz,,,,
přeprava,brodz,brodz,,,,
přesně,ŕjádzňje,rːjaːdzɲjɛ,,,,
přesně,toczno,totʃːno,,,,
přesný,ŕjádznyj,rːjaːdznyj,,,,
přesný,tocznyj,totʃːnyj,,,,
převážně,prżevánžo,prʒːɛvaːnʒo,,,,
přežívat,preżyvač,prɛʒːyvatʃ,izkuszenošč,izkuʃːɛnoʃtʃ,,
příběh,fabülha,fabɯɬa,,,,
příběh,skazka,skazka,,,,
příčestí,imjesló,imjɛsloː,,,,
příčina,przyczyna,pɽːytʃːyna,dłovod,dwovod,,
přídavné jméno,advërbnajimena,adværbnajimɛna,,,,
přihlásit se,pryglhaszajač sa,prygɬaʃːajatʃ sa,,,,
přijít,pszyjič,pʃːyjitʃ,,,,
příjmení,ńazvisko,ŋazvisko,,,,
příkop,prżyqop,prʒːyqop,,,,
přímý,brzpošrednyj,bɽːpoʃrɛdnyj,,,,
přímý,přÿmyj,pɽʏmyj,,,,
připojit,prżypojič,prʒːypojitʃ,,,,
přístroj,oruľje,oruʎjɛ,,,,
přítel,drug,drug,,,,
přítelkyně,podruga,podruga,,,,
přitom,przytém,pɽːytɛːm,,,,
přizpůsobený,przyßpúsobnyj,pɽːysːpuːsobnyj,n’lëżythyj,n’læʒːyθyj,,
přizpůsobený,przyßpúsobnyj,pɽːysːpuːsobnyj,n'lëżythyj,n'læʒːyθyj,,
psát,psąč,psɑtʃ,,,,
psisko,hönd,hənd,,,,
psychologie,psyqologja,psyqologja,,,,
publicista,pÿblyst,pʏblyst,,,,
půda,tlhádth,tɬaːð,poczva,potʃːva,,
puding,bödzyn,bədzyn,,,,
pugét,pukjeth,pukjɛθ,,,,
působivý,imponującyj,imponujɑcyj,,,,
puška,pÿszka,pʏʃːka,gań,gaŋ,pasza,paʃːa
pýcha,gŕdošč,grːdoʃtʃ,düma,dɯma,,
pyšný,gŕdyj,grːdyj,dümnyj,dɯmnyj,,
rádio,radijo,radijo,,,,
radost,radošč,radoʃtʃ,,,,
rajón,khaj’n,ʁaj’n,qvartháł,qvarθaːw,,
rajón,khaj'n,ʁaj'n,qvartháł,qvarθaːw,,
rakousko,rakúsja,rakuːsja,,,,
rakušan,rakúskyj,rakuːskyj,,,,
ráno,juthro,juθro,,,,
ráno,jutro,jutro,,,,
rasa (sociální konstrukt),khaß,ʁasː,,,,
rasa,ras,ras,,,,
rasismus,khasyzmús,ʁasyzmuːs,,,,
redaktor,rëdaq’th,rædaq’θ,,,,
redaktor,rëdaq'th,rædaq'θ,,,,
regresivní,odstupač,odstupatʃ,,,,
rej,rhej,ɾɛj,,,,
replika,rëplyq,ræplyq,,,,
revolver,khevolvërh,ʁɛvolvæɾ,,,,
rezignace,dząmisja,dzɑmisja,,,,
režie,reżja,reʒːja,,,,
režie,reżja,rɛʒːja,,,,
režiser,reżyßér,reʒːysːɛːr,,,,
rodný dům,żyłyšcze,ʒːywyʃtʃːɛ,,,,
rok,god,god,,,,
rovně,ravno,ravno,,,,
rovno,róvno,roːvno,,,,
rovnoměrný,ravnomernyj,ravnomɛrnyj,,,,
rovný,ravnyj,ravnyj,,,,
rovný,rołnyj,rownyj,,,,
rozbřesk,rőzbřezq,rəːzbɽɛzq,,,,
rozdíl,razďjelh,razɖjɛɬ,,,,
rozhazovat peníze,khesefovač,ʁɛsɛfovatʃ,khesač,ʁɛsatʃ,,
rozhněvaný,rodzgňevnyj,rodzgɲɛvnyj,,,,
rozhodnutí,razgođnučje,razgodʒːnutʃjɛ,úpor,uːpor,reszymnošč,reʃːymnoʃtʃ
rozkládat se,rodzqladač se,rodzqladatʃ,,,,
rozlišovat,rődzlyszovač,rədzlyʃːovatʃ,,,,
rozpočet,buđeth,budʒːɛθ,,,,
rozumět,poňjemač,poɲjɛmatʃ,,,,
rozvědka,raßvëdqa,rasːvædqa,,,,
rusko,rosja,rosja,,,,
ruština,rosijski,rosijski,,,,
růže,ruża,ruʒːa,ruž’ca,ruʒ’ca,,
růže,ruża,ruʒːa,ruž'ca,ruʒ'ca,,
růženec,rużica,ruʒːica,,,,
rytíř,ryćërz,rycːæɽː,,,,
řecko,grecja,grɛcja,,,,
řecký,grecjanskyj,grɛcjanskyj,,,,
řeč,reš,reʃ,,,,
řečník,żëczňyczyk,ʒːætʃːɲytʃːyk,głoßovczyk,gwosːovtʃyk,,
řek,grek,grɛk,,,,
řek,greq,grɛq,,,,
řepa,rzëpa,ɽːæpa,,,,
řez,seqo,sɛqo,řez,ɽɛz,,
řezat,seqač,sɛqatʃ,řezač,ɽɛzatʃ,,
říct,rič,ritʃ,,,,
říjen,oqtóber,oqtoːbɛr,,,,
říkat,rzÿkač,ɽːʏkatʃ,,,,
sadismus,sá’d,saː’d,,,,
sadismus,sá'd,saː'd,,,,
sadomasochismus,sámá’d,saːmaː’d,,,,
sadomasochismus,sámá'd,saːmaː'd,,,,
sádra,gyth,gyθ,,,,
sakra,czo‘t,tʃːo’t,,,,
sakra,czo‘t,tʃːo't,,,,
samé,ßamo,sːamo,,,,
samet,aksamÿth,aksamʏθ,,,,
sami,sameq,samɛq,,,,
sami,thamy,θamy,,,,
sarkasmus,sarqasmús,sarqasmuːs,,,,
sbohem,dzbogom,dzbogom,,,,
se,sa,sa,,,,
sebe,ßeba,sːɛba,,,,
sebe,ßebja,sːɛbja,,,,
sebevražda milenců,iszygitlh,iʃːygitɬ,,,,
sebezničení,ßebadzňyczeňje,sːɛbadzɲytʃːɛɲjɛ,,,,
sedm,szidzem,ʃːidzɛm,,,,
sen,ßan,sːan,,,,
setkat se,šetkač sa,ʃɛtkatʃ sa,,,,
setmění,sëtmeňje,sætmɛɲjɛ,,,,
sex,seks,sɛks,,,,
sex,seks,sɛks,fu,fu,fuq,fuq
si,sy,sy,,,,
si,ši,ʃi,,,,
sídlo,theonás,θɛonaːs,,,,
silnice,ßylňyća,sːylɲycːa,,,,
silniční,ßylňycznyj,sːylɲytʃːnyj,,,,
simultánní,prjamorecznë,prjamorɛtʃːnæ,,,,
skloňování,đhokovaňje,dʒːhokovaɲjɛ,,,,
skřet,skrëth,skræθ,,,,
skupina,grupa,grupa,,,,
skupina,grupą,grupɑ,đuva,dʒuva,kël,kæl
skupina,grupqa,grupqa,,,,
skutečný,istvárno,istvaːrno,faqtycznyj,,,
skvadra,ßqvadra,sːqvadra,,,,
sladkost,szúq’rnošč,ʃːuːq’rnoʃtʃ,,,,
sladkost,szúq'rnošč,ʃːuːq'rnoʃtʃ,,,,
sláva,slava,slava,,,,
slavit,ßlavič,sːlavitʃ,,,,
sledovaný,sľidovanyj,sʎidovanyj,,,,
sledovat,sľidovač,sʎidovatʃ,,,,
slogan,ßlogań,sːlobaŋ,,,,
slovan,slovjan,slovjan,,,,
sloveso,glagoľ,blaboʎ,,,,
slovník,slovar,slovar,,,,
slovo,glagoľka,glagoʎka,,,,
slyšet,czuvač,tʃːuvatʃ,čuj’č,tʃuj’tʃ,,
slyšet,czuvač,tʃːuvatʃ,čuj'č,tʃuj'tʃ,,
směrnice,qlałzula,qlawzula,,,,
smích,smjekh,smjeʁ,,,,
smích,ßmjech,sːnjɛx,,,,
smrad,smrúd,smruːd,,,,
smrt,smjerth,smjeɛrθ,,,,
smrt,smjerth,smjɛrθ,,,,
smrtelně,fątálhno,fɑtaːɬno,,,,
smuteční hostina,kárh,kaːɾ,,,,
smutek,żaľ,ʒːaʎ,,,,
snadný,ßnadnyj,sːnadnyj,,,,
snížit,ßdzňýžič,sːdzɲyːʒitʃ,,,,
soběstačnost,šebješťacznošč,ʃɛbjɛʃʈatʃːnoʃtʃ,,,,
social justice wariorr,sołszl,sowʃːl,sołszl‘tó‘tlh,sowʃːl‘toː‘tɬ,sótó‘tlh,soːtoː‘tɬ
sociální síť,ßyth,sːyθ,socqa,socqa,,
soud,sÿd,sʏd,,,,
souhlasit,sögľasič,səgʎasitʃ,zgodnyč,zgodnytʃ,,
sousto,ßołsto,sːowsto,,,,
spěchat,khvátač,ʁvaːtatʃ,,,,
splatnost,ßpłëtnošč,sːpwætnoʃtʃ,,,,
spojení,spöj,spəj,,,,
spojení,spojeňje,pojɛɲjɛ,,,,
spojovník,ßpojovczyk,sːpojovtʃːyk,,,,
spokojenost,zňaťja,zɲaʈja,,,,
společenství,gmińa,gmiŋa,,,,
společenství,gmiństvo,gmiŋstvo,,,,
společnost,ßpołocznošč,sːpowotʃːnoʃtʃ,,,,
sportovní hra,kha,ʁa,,,,
spotřební daň,akcyź,akcyzː,,,,
srbsko,srbija,srbija,,,,
srbština,srbinski,srbinski,,,,
srpen,a‘gust,a‘gust,,,,
starosta,mer,mɛr,,,,
starý,staryj,staryj,,,,
stařec,ßtarjoć,sːtarjocː,,,,
stařenka,ßtarjoňića,sːtarjoɲicːa,,,,
stát (sloveso),stáč,staːtʃ,,,,
stát,stët,stæt,štáth,ʃtaːθ,,
stať,sthatja,sθatja,,,,
stát,sztáth,ʃːtaːθ,,,,
stavitel,domovňiczyk,domovɲitʃːyk,,,,
stávka,ßtałqa,sːtawqa,,,,
stejně,sztojńo,ʃːtojŋo,,,,
sten,jek,jɛk,,,,
sténání,jekošňje,jɛkoʃɲjɛ,,,,
stěžovat,zťjeżovaq‘č,zʈjɛʒːovaq‘č,,,,
stín,ťjeń,ʈjɛŋ,,,,
sto,zto,zto,,,,
stolní hra,ügra,ɯgra,,,,
strach,strąkh,strɑʁ,,,,
strach,szoq,ʃːoq,,,,
strava,ßtrava,sːtrava,,,,
strčit,ßtŕczyč,sːtrːtʃːytʃ,,,,
stroj,maszyna,maʃːyna,,,,
struna,ßtruna,sːtruna,,,,
strunný hudební nátstroj,ßtrunka,sːtrunka,,,,
střed,midth,mið,,,,
střed,stredz,strɛdz,,,,
střecha,poqryčje,poqrytʃjɛ,,,,
střelivo,amo,amo,,,,
střep,czrąp,tʃːrɑp,,,,
střevíc,czrjevića,tʃrjɛvicːa,,,,
student,sztüdendth,ʃːtɯdɛnð,,,,
stůl,bjúrko,bjuːrko,,,,
stvořit,iskuč,iskutʃ,,,,
sud,süd,sɯd,,,,
suma,s’uma,s’uma,súma,suːma,sma,sma
suma,s'uma,s'uma,,,,
suma,s'uma,s'uma,súma,suːma,sma,sma
sup,ßÿp,sːʏp,,,,
super,blagodňje,blagodɲjɛ,,,,
svaly,švały,ʃvawy,,,,
svatá kniha,biblikho,bibliʁo,,,,
svatý,svákyj,svaːkyj,,,,
svaz,sovjët,sovjæt,,,,
své,svë,svæ,,,,
svému,svëmu,svæmu,,,,
svět,myr,myr,,,,
svět,švjat,ʃvjat,myrh,myɾ,,
svícen,svjýc,vjyːc,,,,
svíčka,svjaca,svjaca,,,,
svoboda,slobódtha,sloboːða,libertas,libertas,,
svoje,svoe,svoɛ,,,,
syn,sÿn,sʏn,,,,
systém,süsťëm,sɯsʈæm,,,,
šálek,czasza,tʃːaʃːa,,,,
šasí,šasjé,ʃasjɛː,,,,
šatlava,sza'tlh,ʃːa'tɬ,,,,
šavle,szaj‘sa,ʃːaj‘sa,,,,
šelma,szełma,ʃːewma,,,,
šest,szešč,ʃːɛʃtʃ,,,,
škola,szkoła,ʃːkowa,,,,
škrábanec,drap’q,drap’q,škrjąp,ʃkrjɑp,,
škrábanec,drap'q,drap'q,škrjąp,ʃkrjɑp,,
škrábat,drap’qač,srap’qatʃ,škrjąč,ʃkrjɑtʃ,,
škrábat,drap'qač,srap'qatʃ,škrjąč,ʃkrjɑtʃ,,
šos,šoß,ʃosː,,,,
španělsko,ispanja,ispanja,,,,
španělský,ispanskyj,ispanskyj,,,,
špína,ßmrëd,sːmræd,,,,
špinavý,ßmrëdnyj,sːmrædnyj,,,,
špinit,ßmrëdžič,sːmrædʒitʃ,,,,
špion,szpech,ʃːpɛx,,,,
šťastný nový rok,godnyj,godnyj,,,,
šťastný,szčašcznyj,ʃːtʃaʃtʃːnyj,,,,
štěstí,srëča,srætʃa,,,,
štěstí,szczëščje,ʃːtʃːæʃtʃjɛ,,,,
štěstí,szlak,ʃːlak,,,,
štíhlý,khudyj,ʁudyj,tënkyj,tænkyj,,
táhnout,tákhnúč,taːʁnuːtʃ,,,,
tak,kaj,kaj,,,,
tak,źo,zːo,,,,
tak,źu’tlh,zːu’tɬ,,,,
tak,źu'tlh,zːu'tɬ,,,,
talent,tąlenth,tɑlɛnθ,,,,
talíř,plot,plot,taňjér,taɲjɛr,,
talíř,thalh,θaɬ,pládth,plaːð,,
tank,tąnk,tɑnk,,,,
taška (krytina),tásq,taːsq,,,,
Táta,Papa,papa,,,,
Táta,Papa,papa,pápka,paːpka,pápásza,paːpaːʃːa
Tatínek,Pilf,pilf,,,,
Tatínek,Pilf,pilf,Pilfa,pilfa,Pilfqa,pilfqa
tebe,čjebje,tʃjɛbjɛ,,,,
téct,teqüč,tɛqɯtʃ,,,,
tečka,dot,dot,dó’t,doː’t,,
tečka,dot,dot,dó't,doː't,,
technologie,tëqnologja,tæqnologja,,,,
tekutina,teqüťyna,tɛqɯʈyna,,,,
těkžý,otëżkyj,otæʒːkyj,trúdnyj,truːdnyj,,
tele,ťëľa,ʈæʎa,,,,
tele,ťeľa,ʈɛʎa,,,,
tělesný,teľesnyj,tɛʎɛsnyj,,,,
tělo,czëło,tʃæwo,,,,
temnota,tëmnošč,tæmnoʃtʃ,,,,
temný,tëmnyj,tæmnyj,,,,
tenký,tënkyj,tænkyj,,,,
tento,tuta,tuta,,,,
tepelná elektrárna,ťepľoňqa,ʈɛpʎoɲqa,,,,
teplárna,tëpłoňića,tæpwoɲicːa,,,,
teplo,grzatő,gɽːatəː,,,,
teplo,tëpło,tæpwo,,,,
teplo,ťepľo,ʈɛpʎo,,,,
teplo,żár,ʒːaːr,,,,
teplý,tëplyj,tæplyj,,,,
terč,cjëł,cjæw,,,,
terorismus,tërorismús,tærorismuːs,,,,
terorista,tërorisňik,tærorisɲik,,,,
těsně,ťjosńo,ʈjosnːo,,,,
těšit se,česzič sa,tʃɛʃːitʃ sa,,,,
těšit se,veseľyč sa,vɛsɛʎytʃ sa,,,,
teta,ťjoťa,ʈjoʈa,,,,
teze,tezja,tɛzja,,,,
ti,tłi,twi,,,,
ticho,ćykho,cːyʁo,szumno,ʃːumno,,
tichý,ćykhyj,cːyʁyj,szumnoj,ʃːumnoj,,
tipec,ťypeć,ʈypecː,,,,
tíseň,ťjesňa,ʈjɛsɲja,prötoq,prətoq,,
tisíc,tyšyć,tyʃycː,,,,
tisk,čišk,tʃiʃk,,,,
tisk,peczat,pɛtʃat,druqar,druqar,,
tiskárna,čiškarňja,tʃiʃkarɲja,,,,
tiskárna,peczatňica,pɛtʃatɲica,druqarňica,druqarɲica,,
tisknout,čišczač,tʃiʃtʃːatʃ,,,,
tisknout,peczatač,pɛtʃːatatʃ,druqačač,druqartʃatʃ,,
titulky,napyse,napyse,,,,
tlachat,tlhakhač,tɬaʁatʃ,,,,
tlak,ťisq,ʈisq,,,,
tlama,tlhamqa,tɬamqa,,,,
to,tő,təː,,,,
tolik,thiljú,θiljuː,,,,
tolik,tÿlko,tʏlkp,,,,
tomu,temu,tɛmu,,,,
toto,tot,tot,,,,
touha,chťëcz,xʈætʃː,żëlaňje,ʒːælaɲjɛ,łoľa,woʎa
trápení,boľaňje,boʎaɲjɛ,,,,
trest smrti,a'bás,a'baːs,,,,
trest,trëšč,træʃtʃ,,,,
tretka,thretqa,θrɛtqa,,,,
trh,hand,hand,,,,
trh,jarmëk,jarmæk,,,,
trhovec,handełczyk,handewtʃːyk,,,,
trhovec,jarmëczyk,jarmætʃːyk,,,,
trol,gömul,gəmul,,,,
trosky,rújny,ruːjny,,,,
troud,drúq,druːq,,,,
trpělivost,mińtoczkošč,miŋtotʃːkoʃtʃ,,,,
trpělivý,mińtoczknyj,miŋtotʃːknyj,,,,
trpět,th’ŕpyč,θ’rːpytʃ,,,,
trpět,th'ŕpyč,θ'rːpytʃ,,,,
trpět,trąpjač,trɑpjatʃ,,,,
trubec,trúbjeć,truːbjɛcː,,,,
třešeň (strom),czerešňa,tʃːɛrɛʃɲa,,,,
třešeň,czerešeň,tʃːɛrɛʃɛɲ,,,,
tři,třy,tɽy,,,,
tu,tű,tɯː,,,,
tuberkulóza,thüberqÿlódza,θɯbɛrqʏloːdza,,,,
tuk,tűk,tɯːk,,,,
turecko,türcja,tɯrcja,,,,
turek,türče,tɯrtʃɛ,,,,
Turista,Túrysťekh,tuːrysʈeʁ,,,,
Turista,Túrysťekh,tuːrysʈeʁ,Thúrysťech,θuːrysʈɛx,Dthúrysťekh,ðuːrysʈɛʁ
tvář,gźykh’t,gzːyʁ’t,,,,
tvář,gźykh't,gzːyʁ't,,,,
tvé,tłé,twɛː,,,,
tvoje,tvoe,tvoɛ,,,,
tvořivost,qrëativnošč,qræativnoʃtʃ,,,,
tvrdý,tvrdyj,tvrdyj,,,,
ty,čje,tʃjɛ,,,,
Ty,Tłe,tɬɛ,Tlh,tɬ,Tłü,twɯ
Ty,Tłe,twɛ,Tlh,tɬ,Tłü,twɯ
týden,szidzemnygod,ʃːidzɛmnygod,,,,
týdenní,szidzemnygodnyj,ʃːidzɛmnygodnyj,,,,
typ,ßorta,sːorta,,,,
tyto,tyto,tyto,,,,
uctívání,veľebeňje,vɛʎɛbɛɲjɛ,,,,
uctívat,veľebÿč,vɛʎɛbʏtʃ,,,,
učební,uczebňja,utʃːɛbɲja,,,,
učebnice,űczebňycą,ɯːtʃːɛbɲycɑ,,,,
účes,úczes,uːtʃːɛs,,,,
učit,uczyč,utʃːytʃ,pizd’č,pizd’tʃ,,
učit,uczyč,utʃːytʃ,pizd'č,pizd'tʃ,,
učitel,uczyčeľ,utʃːytʃɛʎ,dzecopizd,dzɛcopizd,,
udavač,donaszacz,donaʃːatʃː,udavacz,udavatʃː,,
uhodit,ugodzíč,ugodziːtʃ,,,,
ukrajina,ukrajna,ukrajna,chachlija,xaxlija,,
úlomek,úlomoq,uːlomoq,,,,
umělec,khudożňikh,ʁudoʒːniʁ,,,,
umělecká,khudożňijnyj,ʁudoʒːɲijnyj,,,,
umění,ißkustvo,isːkustvo,,,,
únava,mor,mor,,,,
unie,uńja,uŋja,,,,
únor,febrłárh,fɛbrwaːɾ,,,,
úplně,qampľjëth,qampʎjæθ,prontho,pronθo,,
upravit,ÿpravič,ʏpravitʃ,,,,
určení,taczka,tatʃːka,,,,
určit,taczkač,tatʃːkatʃ,posvetač,posvɛtatʃ,posvešczáč,posvɛʃtʃːaːtʃ
urvat,urvač,urvatʃ,,,,
úsměv,ősmekh,əːsmɛʁ,,,,
ústa,roth,roθ,,,,
utíkat,źdrhgač,zːdɾgatʃ,,,,
útočit,athaqovač,aθaqovatʃ,,,,
útok,athaq,aθaq,,,,
utopie,uthopja,uθopja,,,,
uvidět,ußtrigač,usːtrigatʃ,,,,
uzdravit se,gojč sa,gojtʃ sa,,,,
už,już,juʒː,,,,
už,juże,juʒːɛ,,,,
v podstatě bez,bedzoßnovno,bɛdzsːlovno,,,,
v,v,v,,,,
vada,vadza,vadza,,,,
vagína,vađajna,vadʒːajna,renó,rɛnoː,,
váha,łaga,waga,,,,
váhat,chvejač,xvɛjatʃ,,,,
válčit,valczyč,valtʃːytʃ,,,,
válka,łajná,wajnaː,,,,
válka,válka,vaːlka,,,,
vařit,varjáč,varjaːtʃ,,,,
vařit,varzyč,vaɽːytʃ,,,,
včela,fczjoła,ftʃːjowa,,,,
ve stejnou dobu,razczaßo,raztʃːasːo,,,,
ve,adth,að,,,,
věda,bada,bada,,,,
věda,vëda,væda,,,,
vědec,badatel,badatɛl,,,,
vědět,znáč,znaːtʃ,,,,
vejce,jajko,jajko,,,,
velbloud,gimël,gimæl,tabüro,tabɯro,błúd,bwuːd
veledílo,szedev’r,ʃːɛdɛv’r,,,,
veledílo,szedev'r,ʃːɛdɛv'r,,,,
velehory,gëbÿl,gæbʏl,,,,
velitel,vúdcza,vuːdtʃa,,,,
velkoobchod,bołszojsqładth,bowʃːojsqwað,,,,
velký,bolszoj,bolʃːoj,,,,
velký,bołszoj,bowʃːoj,,,,
velký,bołszoj,bowʃːoj,groß,grosː,velküj,velkɯj
veselé vánoce,vë’vjanoczyća,væ’vjanoczycːa,,,,
veselé vánoce,vë'vjanoczyća,væ'vjanoczycːa,,,,
vesmírná loď,ha‘taq,ha‘taq,,,,
vesmírná loď,korobľa,korobʎa,,,,
vesnice,valaĺa,valalːa,,,,
vesnice,valaĺa,valalːa,vałała,vawawa,válhalanga,vaːɬalanga
veš,blondynka,blondynka,,,,
větev,galúdzka,galuːdzka,vetfá,vɛtfaː,,
větný člen,članqo,tʃlanqo,,,,
většina,bołszojiczyna,bowʃːojitʃːyna,,,,
vevnitř,ćënt’r,cːænt’r,,,,
vevnitř,ćënt'r,cːænt'r,,,,
vezdejší,vzđojszyj,vzdʒːojʃːyj,,,,
vězeň,muqelh,muqɛɬ,,,,
vězeň,vëdzeňczyk,vædzɛɲtʃːyk,,,,
vězení,muqelhstvo,muqɛɬstvo,,,,
vězení,vëdzba,vædzba,,,,
více,boľszej,boʎʃːɛj,,,,
více,vjaćej,vjacːɛj,,,,
více,vyszëj,vyʃːæj,,,,
vidět,ßtrigač,sːtrigatʃ,,,,
vidět,videłč,videwtʃ,,,,
vidoehra,gra,gra,,,,
vina,vińa,viŋa,,,,
víník,vyň‘k,vyɲ’k,,,,
víník,vyň‘k,vyɲ'k,,,,
víra,vjare,vjarɛ,,,,
virus,łirus,wirus,,,,
vítej,povitaňje,povitaɲjɛ,vitaj,vitaj,,
vítr,łufth,wufθ,,,,
vláda,vládtha,vlaːða,,,,
vláda,vładtha,vwaða,,,,
vládnout,vłádnúč,vwaːdnuːtʃ,,,,
vlajka,fľaga,fʎaga,,,,
vlajka,prapör,prapər,,,,
vlastně,realno,rɛalno,,,,
vlastně,stvárńo,stvaːrno,,,,
vlastně,za’isto,za’isto,faqtyczno,faqtytʃːno,,
vlastně,za'isto,za'isto,faqtyczno,faqtytʃːno,,
vlastnost,czrta,tʃːrta,svojstvło,svojstwo,athrybúth,aθrybuːθ
vlaštovka,jakjića,jakjicːa,,,,
vlezlý byznys (šmejdi),budznës,budznæs,,,,
vlk,qojl,qojl,,,,
vlna,vołna,vowna,,,,
voda,Vath’r,vaθ’r,,,,
voda,Vath'r,vaθ'r,,,,
vodka,vodka,vodka,,,,
vodní dýmka,vadyma,vadyma,,,,
volavka,čapľa,tʃapʎa,,,,
volič,głoßň'czyk,gwosːɲ'tʃːyk,,,,
volit,głoßyč,gwosːytʃ,,,,
volně,dovolhno,dovoɬno,,,,
volný čas,vrëme,vræmɛ,,,,
vozit,łożyč,woʒːytʃ,,,,
vrah,vróg,vro̠ːg,vrúg,vruːg,vrag,vrag
vrhat,vrhač,vɽatʃ,,,,
vrstva,vŕßtvą,vrːsːtvɑ,,,,
vrtule,vŕtuľa,vrːtuʎa,,,,
vstávat,džvigač,dʒvigatʃ,,,,
vstupenka,biléth,bilɛːθ,,,,
vše,vsjë,vsjæ,,,,
všech,vsjich,vsjix,,,,
všechno,vsjo,vsjo,,,,
všeználek,vsjoznáłoq,vsjoznaːwoq,,,,
všichni,vsji,vsji,,,,
vtip,đołq,dʒːowq,droč,drotʃ,,
vtip,džołq,dʒowq,,,,
vtipálek,đołq’czyk,dʒːowq’tʃːyk,,,,
vtipálek,đołq'czyk,dʒːowq'tʃːyk,,,,
vtipálek,dročijiczyk,drotʃijitʃːyk,,,,
vůdce,fürh,fɯɾ,,,,
vůle,łoľa,woʎa,,,,
Vy,Łyrh,wyɾ,Á’mé,aː’meː,Aemé,aɛmɛː
Vy,Łyrh,wyɾ,Á'mé,aː'meː,Aemé,aɛmɛː
vybavit,zjëđnač,zjædʒːnatʃ,,,,
výběr,vüber,vɯbɛr,vÿ’b,vʏ’b,,
výběr,vüber,vɯbɛr,vÿ'b,vʏ'b,,
vybouchnout,v’bűkhnúč,v’bɯːʁnuːtʃ,,,,
vybouchnout,v'bűkhnúč,v'bɯːʁnuːtʃ,,,,
vydání,łydaňje,wydaɲjɛ,,,,
vydržet,łyďërżáč,waɖærʒːaːtʃ,,,,
vyhledat,döglhëdač,səgɬædatʃ,ső’č,səːtʃ,,
vyhledat,döglhëdač,səgɬædatʃ,ső'č,səːtʃ,,
vyhledávání,sörh’cz,səɾ’tʃː,,,,
vyhledávání,sörh'cz,səɾ'tʃː,,,,
vycházet,łykhádzač,wyʁaːdzatʃ,,,,
východ,vskhód,vsʁoːd,,,,
vyjít,łyjič,wyjitʃ,,,,
výkal,lajno,lajno,govno,govno,szyt,ʃːyt
vykonávat,egźeqűthvač,ɛgzːɛqɯːθvatʃ,,,,
výkoný,egźeqűthnyj,ɛgzːɛqɯːθnyj,,,,
výkřik,qrÿßak,qrʏsːak,,,,
vylidněný,łyľudňenyj,wyʎudɲɛnyj,,,,
výměna,buża,buʒːa,,,,
výměnný,bużovnyj,buʒːovnyj,,,,
vymýtit,łymýťič,wymyːʈitʃ,,,,
vynikat,celijovač,cɛlijovatʃ,,,,
výstava,łernysáż,wernysaːʒː,,,,
vytrvat,usyłovač,usywovatʃ,,,,
vytrvat,vyďerzáč,vyɖɛɽːaːtʃ,,,stremleč,strɛmletʃ
vytvářet,łytvárač,wytvaːratʃ,,,,
vyučování,dydaqtik,dydaqtik,v’czovaňje,v’tʃovaɲjɛ,,
vyučování,dydaqtik,dydaqtik,v'czovaňje,v'tʃovaɲjɛ,,
výzkumní,vydzkumňja,vydzkumɲja,,,,
vyzvednout,łydzvednúč,wydzvɛdnuːtʃ,,,,
vzdát hold,khëjlh'gač,ʁæjɬ'gatʃ,,,,
vzrušující,topőrzúćy,topəːɽuːcːy,,,,
vztah,ßëdza,sːædza,,,,
vztek,ľutňa,ʎutɲa,,,,
xanax,ksanaks,ksanaks,,,,
z,idz,idz,,,,
z,iz,iz,,,,
za jakýchkoliv okolností,ëverneß,ævɛrnɛsː,,,,
za,dzań,dzaŋ,,,,
zábava,zabavočka,zabavotʃka,,,,
zábava,zab'va,zab'va,,,,
zabíjet,gúbyč,guːbytʃ,,,,
zabít,źabÿč,zːabʏtʃ,,,,
zadek,ëß,æsː,pjërdoł,pjærdow,ąnáł,ɑnaːw
zadnice,ëßczik,æsːtʃːik,,,,
zahrávat,złodrogeč,zwodrogɛtʃ,,,,
zacházet,đkháżëč,dʒːʁaːʒːætʃ,,,,
zachránce,dzakhraňća,dzaʁraɲcːa,,,,
zájem,intëreth,intærɛθ,,,,
zájem,yntëreß,yntærɛsː,,,,
zájem,záłjëm,zaːwjæm,,,,
zajímat se,interëßovač sa,intɛræsːovatʃ sa,,,,
zajímavý,inťëresnyj,inʈærɛsnyj,,,,
zajímavý,uvlekanyj,ablɛkanyj,,,,
zajímavý,zaňimajnyj,zaɲimajnyj,,,,
zajít příliš daleko,źajin’č,zːajin’tʃ,,,,
zajít příliš daleko,źajin'č,zːajin'tʃ,,,,
zájmeno,za’imeňik,za’imeɲik,,,,
zájmeno,za'imeňik,za'imeɲik,,,,
základna,qamp,qamp,,,,
základní potřeba,nüd,nɯd,,,,
základní tvar slova,dz’qlad,dz’qlad,,,,
základní tvar slova,dz'qlad,dz'qlad,,,,
základy,záqlady,zaːqlady,,,,
zaklínat,vjedžič,vjedʒitʃ,,,,
záloha,dž‘pődz,dʒ‘pəːdz,,,,
záměr,intëncja,intɛncja,,,,
zamyšlenost,dzadúmczyłošč,dzaduːmtʃːywoʃtʃ,,,,
zapisovat,pisač,pisatʃ,,,,
zapřít,dzapżyč,dzapʒːytʃ,,,,
září,sepember,sɛpɛmbɛr,,,,
zařídit,dzrÿvnač,dzrʏvnatʃ,,,,
zasahování,yngërencja,yngærɛncja,,,,
zasahovat,yngërovač,yngærovatʃ,,,,
zasténání,jeqoth,jɛqoθ,,,,
zatknout,areszč,areʃːtʃ,,,,
zavazadla,bagáża,bagaːʒːa,,,,
závaží,otëżňje,otæʒːɲjɛ,,,,
závod,dzávłodth,dzaːvwoð,,,,
zavřít,qloč,qlotʃ,,,,
zázrak,czűdo,tʃːɯːdo,,,,
zázrak,ďyło,ɖywo,džjelo,dʒjɛlo,,
zázvor,imbÿr,imbʏr,,,,
zbavit,dzbavič,dzbavitʃ,,,,
zbourat,dzbúra’č,dzbuːratʃ,,,,
zbourat,dzbúra'č,dzbuːratʃ,,,,
zbraň,guńar,guŋar,,,,
zbroj,broň,broɲ,,,,
zbytek,džbÿtokh,dʒbʏtoʁ,,,,
zdarma,grátyß,graːtysː,,,,
zdegenerovat,đ‘dëgenërovač sa,dʒː‘dægɛnærovatʃ,,,,
zdravit,chvałyč,xvawytʃ,,,,
zdvořile,poßłuszno,posːwuʃːno,,,,
zdvořilý,poßłusznyj,posːwuʃːnyj,,,,
ze,idz,idz,,,,
zelenina,zëľeňinctvo,zæʎeɲinctvo,,,,
zeleninový,zëľeňynovyj,zæʎɛɲynovyj,,,,
zelený,zëľeňyj,zæʎɛɲyj,,,,
země (planeta),landth,lanð,,,,
země,žjemľa,ʒjɛmʎa,,,,
zemřít,izczëzač,iztʃːæzatʃ,,,,
zemřít,pogynač,pogynatʃ,,,,
zemřít,umrječ,umrjɛtʃ,,,,
zisk,zÿgn,zʏgn,,,,
získat,korysczyč,korystʃːytʃ,,,,
zítra,załtra,zawtra,,,,
zklamání,poźczařeňje,pozːtʃːaɽɛɲjɛ,,,,
zkontrolovat,czeqnúč,tʃːɛqnuːtʃ,,,,
zkouška,ispit,ispit,,,,
zkušenost,abilithëč,abiliθætʃ,,,,
zkušenostní,zqłuszenostnyj,zqwuʃːɛnostnyj,,,,
zkušený,abilnyj,abilnyj,,,,
Zlato (oslovení),Gá,gaː,,,,
zlo,zło,zwo,đavostvo,,,
zlomený,sqekúryj,sqekuːryj,,,,
zlost,bjes,bjɛs,,,,
zlost,ľutňa,ʎutɲa,,,,
znehodnocení,znegodnoczeňje,znɛgodnotʃːɛɲjɛ,,,,
znehodnotit,dznegodnoczyč,dznɛgofnotʃːytʃ,,,,
znepokojení,vňaťja,vɲaʈja,,,,
znít,đňječ,dʒːɲjɛtʃ,,,,
znova,łëj,wæj,,,,
zobák,źobań,zːobaŋ,,,,
zpronevěra,džbrońëvjera,dʒbroŋævjɛra,idzmama,idzamama,,
zrádce národa,ßynacje,sːynacje,,,,
zrádce,ßynlhój,sːynɬoːj,,,,
zralost,żrałošč,ʒːtawoʃtʃ,,,,
zubař,denthysta,dɛnθysta,,,,
zůstatek,zbÿtokh,zbʏtoʁ,,,,
zvadnout,dzvadnúč,dzvadnuːtʃ,,,,
zvedat se,đvedač sa,dʒːvɛdatʃ sa,,,,
zvedat,đvedač,dʒːvɛdatʃ,,,,
zvědavě,dzvëdavyj,dzvædavyj,,,,
zvědavost,dzvëdavo,dzvædavo,,,,
zvědavost,radoznalošč,radoznaloʃtʃ,,,,
zvíře,zvjera,zvjɛra,,,,
zvláštní,ynszyj,ynʃːyj,,,,
zvon,dzv’n,dzv’n,,,,
zvon,dzv'n,dzv'n,,,,
zvonit,dzv’ňyč,dzv’ɲytʃ,,,,
zvonit,dzv'ňyč,dzv'ɲytʃ,,,,
zvuk,aqusto,aqusto,,,,
zvuk,zv’q,zv’q,,,,
zvuk,zv'q,zv'q,,,,
žádost,zaczteł,zatʃːtɛw,,,,
žalář,żelarz,ʒɛlaɽː,,,,
že,ż,ʒː,,,,
žebrat,żebrač,ʒːɛbratʃ,kivüč,kivɯtʃ,,
železárna,żelarzňa,ʒːɛlaɽːɲa,,,,
železo,feŕüm,ferːɯm,,,,
železo,żelázą,ʒɛlaːzɑ,,,,
žena,Żenszčyžńa,ʒːɛnʃːtʃyʒŋa,,,,
žena,Żenszčyžńa,ʒːɛnʃːtʃyʒŋa,žúna,ʒuːna,mała,mawa
židle,fotël,fotæl,,,,
žijící,żyvúcy,ʒːyvuːcy,,,,
žít,żyč,ʒːytʃ,,,,
žití,żyčje,ʒːytʃjɛ,,,,
život,ż’voth,ʒː’voθ,,,,
život,ż'voth,ʒː'voθ,,,,
žláza,żlhadza,ʒːɬadza,,,,
žurnalista,gaźetň’czyk,gazːɛtɲ’tʃːyk,,,,
žurnalista,gaźetň'czyk,gazːɛtɲ'tʃːyk,,,,
žvýkačka,żuva,ʒːuva,,,,
